PATIENT_ID	MHC	NETMHC_PAN_BINDING_AFFINITY	BINDING_STABILITY	AGRETOPICITY	FOREIGNNESS	Entry	UMAP1	UMAP2	dataset
3	A*01:01	132.1	0.76	0.019019294583606003	0.0	O60343	-0.731862	0.13575481	train
3	A*01:01	251.7	2.2	0.8387649513019351	0.0	Q96BY9	-0.87191224	-0.26788583	train
3	A*01:01	64.8	2.24	0.0108511076826198	9.276291646547939e-20	Q14584	0.9193295	0.25086805	train
2	A*01:01	38.7	2.28	1.23834544652356	0.0	Q7KZF4	-0.6506881999999999	-0.37755853	train
3	A*01:01	24.0	1.21	1.05727666963012	0.0	Q9Y6Y8	-0.7747045	-0.42325799999999997	train
2	A*01:01	481.3	2.8	0.0376862843041789	0.0	P08243	0.82649016	0.49242344	train
3	A*01:01	22.7	1.82	0.0049997671305395605	0.0	Q9H5V8	-0.34875742	-0.83389384	train
3	A*01:01	88.3	2.22	0.291195565690515	2.6688189211265498e-11	P43357	0.7232052	-0.60830766	train
3	A*01:01	29.1	2.9	0.4217043439974721	0.9923802289058159	Q6PJP8	0.6261175	-0.42169824	train
3	A*01:01	7.2	1.06	0.612115520891766	0.9999998491125648	Q8IYF1	-0.7419371	-0.55508035	train
2	A*01:01	705.9	0.92	0.0280896117512828	0.0	O95299	-0.8378304	-0.34294826	train
2	A*01:01	12.3	1.34	0.289938210517892	0.0	Q92608	-0.85211295	-0.050834897999999996	train
2	A*01:01	314.0	1.34	0.16672870388925304	0.0	Q92608	-0.85211295	-0.050834897999999996	train
3	A*01:01	81.4	0.81	1.1848935509441298	0.0	P12955	0.3131401	-0.89759916	train
3	A*01:01	33.2	1.52	0.872761053485325	0.0	O60343	-0.731862	0.13575481	train
3	A*01:01	184.3	0.77	0.0559594748162822	0.0	Q9HC29	-0.76947314	-0.3640335	train
3	A*01:01	7.5	2.83	2.29119252986189	6.951608075305151e-09	Q01780	-0.40961948	-0.56699634	train
3	A*01:01	18.6	1.11	0.49231643970206396	5.4689258818384885e-24	Q8IY63	-0.7466958	-0.2031394	train
3	A*01:01	54.2	1.21	0.91987037065676	0.0	Q9Y6Y8	-0.7747045	-0.42325799999999997	train
2	A*01:01	218.6	0.28	1.09102833915548	0.0	Q7Z3J2	-0.77775	0.07894835	train
2	A*01:01	100.9	4.21	0.0237247607000593	0.0	O75694	-0.7854956999999999	-0.35467285	train
2	A*01:01	97.0	1.34	1.1899833125538601	0.0	Q92608	-0.85211295	-0.050834897999999996	train
2	A*01:01	131.8	1.8	0.9396355931214041	2.04919331109317e-13	P01116	-0.7521614999999999	-0.24964195	train
3	A*01:01	49.0	1.59	0.009127340002891959	0.0	Q8WXW3	-0.8955719999999999	-0.038223617	train
2	A*01:01	295.0	1.97	1.6517330244575	0.0	Q92834	-0.7073233	-0.44749305	train
2	A*01:01	248.5	1.85	0.569826262797489	0.0	O60494	-0.66587573	-0.54484147	train
2	A*01:01	25.0	2.98	0.0054378861500813894	0.00011789799878610901	P13569	-0.6520335	-0.56959873	train
3	A*01:01	15.6	2.41	1.39841328693319	0.0	O60245	-0.84112144	0.0040192603999999995	train
2	A*01:01	130.5	0.93	0.3653057450183789	5.89524745824429e-05	Q27J81	-0.71589875	0.18206531	train
2	A*01:01	20.4	2.03	0.7498774509803922	0.00011789799899098	Q9BWF3	0.43572792	-0.56233835	train
2	A*01:01	52.0	2.8	0.0125525214702404	0.0	P08243	0.82649016	0.49242344	train
3	A*01:01	41.9	4.95	0.646420479802599	0.0	Q8N8U9	0.93992925	-0.12236372400000001	train
2	A*01:01	19.3	4.68	0.01270435226882	0.0	O95259	-0.6518710999999999	-0.586761	train
3	A*01:01	24.6	3.27	0.6091740212679561	0.0	P43155	-0.8426411	-0.3234043	train
3	A*01:01	78.0	1.54	1.55386771121939	0.00011835057201163798	Q6PIL6	-0.68798965	0.055431988	train
3	A*01:01	290.9	0.88	0.30411585130046803	0.0	P20742	-0.59253514	-0.6700946999999999	train
2	A*01:01	95.5	0.97		0.0				train
2	A*01:01	261.0	2.28	1.23095196562096	2.04919331109317e-13	Q7KZF4	-0.6506881999999999	-0.37755853	train
3	A*01:01	512.3	1.29	1.34278991966391	0.0	P29474	-0.74770373	-0.33361209999999997	train
2	A*01:01	274.7	2.48	0.597440956595119	0.0	P46109	-0.5411362	-0.17460309	train
2	A*01:01	156.9	2.48	0.7992136184538421	0.999999999973312	P46109	-0.5411362	-0.17460309	train
3	A*01:01	31.7	0.19	0.00138296294357337	0.9999410475254179	Q7Z2T5	0.91478044	0.25210017	train
3	A*01:01	583.3	2.99	0.036103302333711	2.6688189211265498e-11	O95248	-0.9050290000000001	-0.21968561	train
2	A*01:01	81.9	1.7	0.5552402568426579	4.5267995933512706e-07	Q9H0N0	0.6763308000000001	0.17509359	train
3	A*01:01	4.0	1.19	0.0649348422534647	1.20812138761297e-17	Q14943	-0.61317164	-0.72989535	train
3	A*01:01	32.3	0.58	0.288734529958596	0.0	Q8WXF7	-0.7867096	-0.40176252	train
3	A*01:01	43.1	1.12	0.14020336099645098	0.0	Q13085	-0.1484001	-0.10593089	train
2	A*01:01	17738.7	0.13	1.7227664203126496	0.0	P46821	-0.6122558000000001	-0.6218458	train
3	A*01:01	6.6	4.21	1.22462941922382	3.47580562316133e-09	Q9BYT9	0.79174125	-0.5306844000000001	train
1	A*02:01	32.4	5.06	0.586219547634214	6.147579933276999e-13	P78368	-0.6753100000000001	-0.65571797	train
2	A*02:01	37.6	4.64	5.25985338687417	4.5267995933512706e-07	Q86UQ4	-0.78124714	-0.1595575	train
12	A*02:01	11.9	3.53	0.90583372625164	0.0	P04217	-0.88872606	0.077273175	train
1	A*02:01	99.9	1.87	0.00447492429807744	0.0	P78413	-0.51403826	-0.7915393000000001	train
12	A*02:01	21.2	10.6	1.8887427894461202	0.0	Q02318	0.19429089	-0.7925478	train
1	A*02:01	319.3	1.7	0.145213051554555	0.0	Q9H9Y2	0.7411336	-0.13874225	train
2	A*02:01	6.8	11.82	0.162908108595133	0.00761977109418369	P11413	-0.616173	-0.37270474	train
1	A*02:01	64.2	2.63	0.7321308411214953	0.0	O60318	-0.087358326	-0.49599501	train
12	A*02:01	77.6	5.89	5.83458646616541	0.0	Q08209	-0.7143858000000001	-0.5176547	train
2	A*02:01	96.0	2.42	0.0435184979498959	0.0	Q9H9S3	-0.8738434000000002	-0.27123162	train
12	A*02:01	4.4	10.81	1.0	0.0	P29371	-0.79244703	-0.22663674	train
2	A*02:01	10.8	4.67	2.15541399731884	0.0	Q9UGP8	-0.8649950000000001	-0.28774822	train
16	A*02:01	3334.3	0.67	0.0436722203357706	0.00761977109418369	Q09472	0.49826452	-0.6200635	train
1	A*02:01	157.0	1.84	0.407754005866355	6.031035311628511e-05	Q8NI27	-0.46261364	-0.49676654	train
1	A*02:01	98.0	1.84	0.0536063362866715	0.0	Q9H9E1	-0.37415957	-0.04484407	train
2	A*02:01	6.3	12.97	0.402179119017891	0.0	Q86UW7	-0.73547	-0.45180318	train
2	A*02:01	15.1	3.77	0.145739225977678	0.0	O95461	-0.8646210999999999	-0.25535685	train
2	A*02:01	50.3	2.51	0.14392929677110994	0.0	Q9Y6I9	-0.81409055	0.024418453	train
12	A*02:01	81.2	1.81	2.1963292698575803	0.0	O95528	-0.7994069	0.10997829	train
12	A*02:01	434.5	2.4	0.327713532772136	1.5734275536184001e-15	Q8N2U9	-0.8317943999999999	-0.24350269	train
16	A*02:01	72.0	8.3	0.26986506746626704	0.0				train
16	A*02:01	68.7	5.31	0.0570955539551216	0.0	Q8TF20	0.93373066	0.25000215	train
2	A*02:01	3.1	2.62	0.000621389729489413	0.5	Q9Y2J8	-0.8366279000000001	-0.09543557	train
2	A*02:01	6.9	2.62	0.000807877389970612	0.5	Q9Y2J8	-0.8366279000000001	-0.09543557	train
2	A*02:01	3.1	15.84	1.6540353886011299	0.0	P48163	-0.84000367	0.47114432	train
1	A*02:01	4.2	5.09	0.148379070817609	0.0	P12821	-0.8122713	0.10415254	train
2	A*02:01	4.2	5.75	0.42492792541964897	0.0	O43820	-0.74117017	-0.41413918	train
1	A*02:01	6.2	8.45	0.463529084884215	0.999999996524196	Q7RTS9	-0.10620635	0.95412016	train
1	A*02:01	24.8	8.45	0.47857171286051703	0.999999996524196	Q7RTS9	-0.10620635	0.95412016	train
2	A*02:01	4.9	11.34	1.17418840588369	0.0	Q9H329	-0.7574145999999999	-0.24477209	train
2	A*02:01	3.7	6.72	0.533999115195449	0.0	Q96C11	0.86369646	-0.42121807	train
1	A*02:01	6.2	9.32	1.44186046511628	0.0	Q8N0W4	-0.66414255	-0.56498194	train
2	A*02:01	4.0	17.08	0.515885795900078	0.0	Q9HC84	-0.8417913	0.03916782	train
12	A*02:01	174.9	7.41	1.01087852376587	0.0	Q14766	-0.8945968000000001	0.056678712	train
2	A*02:01	130.0	2.67	0.0218950276923755	0.0	Q7Z3G6	-0.84967124	-0.4049197	train
16	A*02:01	497.6	3.47	0.11221524079733802	0.0	Q9Y2L5	-0.75492764	-0.39503434	train
1	A*02:01	10.0	3.01	0.709219858156028	0.0369719832731605	Q9Y6J8	-0.95723444	0.04490345	train
2	A*02:01	13.7	3.26	0.4830557742517521	0.0	Q9UBZ4	-0.029038455	-0.53474694	train
2	A*02:01	3.0	8.05	0.27820619781744	0.0	Q9H7F0	-0.6896286	0.14894092	train
16	A*02:01	4.5	27.71	0.00301184659661335	0.0	Q9UKZ4	-0.74170774	-0.26065528	train
16	A*02:01	5.1	4.82	0.927272727272727	0.999941047525419	Q9H1A4	0.82682997	0.36380816	train
2	A*02:01	26.7	3.04	0.5048863551982571	0.0	P43364	0.66684943	0.69910806	train
2	A*02:01	90.7	5.01	0.903564509603666	0.0	P43363	0.59689987	-0.7164473000000001	train
2	A*02:01	10.5	12.3	0.310275453138352	0.999941047552103	O75694	-0.7854956999999999	-0.35467285	train
16	A*02:01	3.1	4.19	0.000361958668530382	0.0				train
1	A*02:01	46.7	0.96	0.0681906943080936	0.0	Q12959	-0.60211426	-0.6304038000000001	train
12	A*02:01	28.4	2.13	3.26436781609195	0.0	Q8N468	0.09827766	0.9419610999999999	train
12	A*02:01	99.6	4.02	3.0271992977804905	0.00017683657384008	Q08AM6	-0.7025130999999999	-0.49156198	train
2	A*02:01	19.9	5.07	0.6886930490183821	0.0	Q9NZM4	-0.85767764	0.37437043	train
16	A*02:01	54.2	1.56	0.4816289143847179	0.0	Q8NDX1	-0.6827603	0.14331065	train
12	A*02:01	312.5	0.72	0.142501092703504	0.0076197711204667095	Q8N2U9	-0.8317943999999999	-0.24350269	train
1	A*02:01	58.9	1.77	0.0155051087474161	0.0	Q14651	-0.7468355999999999	-0.42570326	train
1	A*02:01	6.0	9.06	0.9802752467189272	0.9923802289058159	Q9NPG1	-0.6324460999999999	-0.4572916	train
1	A*02:01	82.7	9.06	1.05019727447262	0.9999410475256221	Q9NPG1	-0.6324460999999999	-0.4572916	train
1	A*02:01	173.9	0.78	0.690443160639991	0.0	Q14980	-0.6060871999999999	-0.61228514	train
1	A*02:01	346.0	3.36	0.25425918004162196	0.0	Q13115	-0.90675855	-0.30724686	train
1	A*02:01	47.1	2.09	3.0001188959660285	0.0	P68431	-0.22703676	-0.5229192	train
2	A*02:01	138.4	6.79	0.112778520405726	0.9999999999999979	P41273	-0.3488912	-0.8344984000000001	train
16	A*02:01	59.6	2.89	1.0487496271626	0.0	P42336	-0.75697803	-0.3215155	train
1	A*02:01	76.0	6.44	0.293814322961856	0.0	Q9Y5E3	-0.86936265	0.31524932	train
16	A*02:01	564.6	1.79	0.103982743213313	0.0	Q6P1X5	0.83646506	-0.12957633	train
16	A*02:01	395.0	1.43	0.971088058429085	0.9923802289058159	Q14588	0.9290062	0.26148075	train
2	A*02:01	31.4	3.15	0.263456744555379	4.0983866221855107e-13	Q9NRK6	-0.6289826	-0.6815795	train
16	A*02:01	578.3	3.89	1.05126793609271	0.0	P20929	-0.75444007	-0.16906808	train
16	A*02:01	493.0	3.89	0.944083707623723	2.41624277522593e-17	P20929	-0.75444007	-0.16906808	train
1	A*02:01	2.6	14.72	0.9098076923076922	0.992380228906018	Q9NYV8	0.78839755	-0.5433846999999999	train
1	A*02:01	7438.8	0.23	0.3509612437489918	0.0	P55060	-0.05855011	-0.47237387	train
2	A*02:01	9.8	1.26	0.725925925925926	0.00767782863523667	P08631	-0.7342571	-0.48250934	train
2	A*02:01	64.8	1.33	0.0072357755215591	0.0	Q8NFP9	-0.84308255	-0.16694395	train
16	A*02:01	86.7	3.37	3.4136998622825496	0.0	P35913	-0.8273839	0.007924879000000001	train
2	A*02:01	18.3	8.05	0.4344828516714699	0.0	Q9H7F0	-0.6896286	0.14894092	train
1	A*02:01	188.3	1.2	0.7246406187484961	4.527066475001761e-07	Q16690	-0.90675133	-0.30714026	train
2	A*02:01	74.3	1.57	0.005451849094570821	0.0	P51888	-0.90355295	0.08758449	train
2	A*02:01	13.3	6.74	1.58925866879235	0.0	Q9UK96	0.79945296	0.35072356	train
16	A*02:01	792.7	1.94	0.4270972204127629	0.0	Q09472	0.49826452	-0.6200635	train
2	A*02:01	309.5	1.53	0.119249122173271	2.04919331109317e-13	Q8N6P7	0.79010296	-0.5348586	train
1	A*02:01	34.7	2.42	0.443930004887784	0.00767782860895672	Q9Y520	-0.9370883	0.17971855	train
16	A*02:01	61.4	3.69	0.871566999106697	0.0	Q8TF20	0.93373066	0.25000215	train
2	A*02:01	279.0	2.18	0.0783563447379114	4.5267995933512706e-07	O94921	0.7913975000000001	0.3696999	train
2	A*02:01	38.4	6.18	0.875918334166426	4.5267995933512706e-07	O94921	0.7913975000000001	0.3696999	train
12	A*02:01	49.5	5.86	0.4583586860805189	0.0	O60749	-0.73344815	-0.49355194	train
1	A*02:01	54.9	2.19	0.6733989071038251	0.0	O00329	-0.7937185999999999	-0.26768854	train
2	A*02:01	28.0	3.52	0.156371196684089	0.0	Q9UPW6	0.5221609	-0.62856144	train
2	A*02:01	28.7	5.8	32.55157142857143	4.5267995933512706e-07	P35916	-0.80375344	0.19480403	train
2	A*02:01	37.8	5.27	0.323895455696035	0.9999995473467272	Q8N3A8	0.51051325	0.42239597	train
1	A*02:01	104.3	2.07	0.207606881567344	0.0	Q53R41	-0.8747659	-0.38088265	train
1	A*02:01	24.8	7.87	0.579988346066053	0.0	Q53R41	-0.8747659	-0.38088265	train
16	A*02:01	160.0	20.01	0.339337413375016	0.0	Q8NB42	0.9285960999999999	0.25653273	train
16	A*02:01	115.1	20.01	1.15107128983864	0.0	Q8NB42	0.9285960999999999	0.25653273	train
12	A*02:01	183.9	3.0	0.0853019391356759	0.0	Q9BYK8	0.8283345999999999	-0.41680026	train
16	A*02:01	17.0	3.38	0.534836540098766	4.5267995933512706e-07	Q9UN71	0.34410748	-0.8618831	train
2	A*02:01	41.4	3.25	0.464978363801925	0.0	Q9Y6A4	-0.65087205	-0.47215644	train
16	A*02:01	205.6	2.97	0.4849192639842311	0.00761977109418369	P01116	-0.7521614999999999	-0.24964195	train
12	A*02:01	259.0	0.74	0.22604416353084802	0.0	Q8N3K9	-0.69817257	-0.20560353	train
1	A*02:01	35.2	3.15	0.33734050583519704	0.0	O75643	-0.49719012	-0.6117676	train
2	A*02:01	5.0	5.13	27.8465	0.0	Q7Z745	-0.70538646	-0.33528638	train
2	A*02:01	252.7	1.88	0.00847078811430579	0.0				train
1	A*02:01	3653.9	0.61	1.5211273469047901	2.04919331109317e-13	O75643	-0.49719012	-0.6117676	train
2	A*02:01	490.5	0.82	2.23474164795137	0.0	Q9Y6A4	-0.65087205	-0.47215644	train
2	A*02:01	42.8	10.42	3.29567055060372	0.0	Q7L576	-0.6093877	-0.6221385	train
2	A*02:01	16.8	7.91	0.973421926910299	0.0	O60494	-0.66587573	-0.54484147	train
2	A*02:01	41.2	11.82	0.11779111609732101	0.9999995473200408	P11413	-0.616173	-0.37270474	train
16	A*02:01	36.5	4.74	0.0775373035126648	0.0	Q13535	0.6289955	-0.4349397	train
12	A*02:01	278.0	1.74	0.0108037764571705	0.0	Q15526	0.4598684	-0.7366117	train
16	A*02:01	6925.1	1.83	0.0411728143368326	0.0	Q9BSJ8	-0.84777933	-0.31260014	train
2	A*02:01	100.6	5.51	0.0914177296724394	0.0	Q14254	-0.61360645	-0.6208925000000001	train
16	A*02:01	6.8	22.88	1.0134128166915102	0.0	Q9H714	-0.81206316	-0.2620379	train
1	A*02:01	7.8	7.34	0.0207144079537522	0.666666666666667	Q9Y2F5	-0.44613597	-0.5700204000000001	train
2	A*02:01	30.3	3.96	2.62626280215307	0.0	Q9NR99	-0.8986890999999999	0.035270534	train
16	A*02:01	40.0	2.43	0.710213058927238	5.89524745824429e-05	Q9BZC7	-0.69614494	-0.51247495	train
2	A*02:01	19.9	2.04	0.0015850379254337599	0.0	Q9H0J4	0.92717487	-0.168678	train
2	A*02:01	47.1	2.04	0.00541164814217006	0.0	Q9H0J4	0.92717487	-0.168678	train
2	A*02:01	13.1	11.34	0.573862951046485	0.0				train
2	A*02:01	101.8	2.07	1.19841136373025	4.5267995933512706e-07	Q9H3K2	0.3389546	-0.88529575	train
2	A*02:01	72.5	3.45	1.05655504477174	4.5267995933512706e-07	Q9H3K2	0.3389546	-0.88529575	train
12	A*02:01	162.8	1.31	1.04226905868059	0.0	Q13057	-0.43066508	0.8341002000000001	train
16	A*02:01	194.0	3.25	0.7189562559815459	0.0	Q15751	-0.8441333000000001	-0.21519051	train
12	A*02:01	46.4	2.35	0.130577974100157	0.0151251766766306	O75147	-0.7422259	-0.47375616	train
2	A*02:01	20.1	6.46	0.0900330191384633	3.502493812187069e-09	P05362	-0.81509763	0.066800594	train
16	A*02:01	207.8	2.36	1.04897627109845	0.0	Q15751	-0.8441333000000001	-0.21519051	train
2	A*02:01	14.1	2.84	0.9072429324040658	0.0	O15397	-0.8694926	-0.31902874	train
2	A*02:01	14.8	7.91	0.905308403180744	0.0	Q9BUK0	0.9480295	-0.15326175	train
2	A*02:01	13.2	5.34	0.00978023602277769	2.66882012924793e-11	P05362	-0.81509763	0.066800594	train
12	A*02:01	279.1	1.89	0.31671048314015304	0.0	P22223	-0.7435103	-0.13147202	train
12	A*02:01	105.8	3.0	0.00333033843558699	0.0	Q0IIM8	0.82802176	0.48876965	train
1	A*02:01	13.0	7.87	0.98898948728073	0.0	Q53R41	-0.8747659	-0.38088265	train
16	A*02:01	221.3	1.17	0.8802051510101079	0.0	Q8NB42	0.9285960999999999	0.25653273	train
2	A*02:01	8.0	13.08	0.552816531726991	0.00761977109418369	Q6QHF9	-0.8886315	-0.056015607	train
1	A*02:01	3.9	9.57	1.768076923076923	0.999985261231357	Q8NDT2	-0.24892591	-0.41720146	train
1	A*02:01	66.1	2.4	0.0111922163273726	0.0	Q5VZF2	-0.9066883	-0.30712667	train
1	A*02:01	1170.6	2.4	0.0559199055802928	0.0	Q5VZF2	-0.9066883	-0.30712667	train
1	A*02:01	215.2	11.33	0.112511642573041	0.0	Q5VZF2	-0.9066883	-0.30712667	train
1	A*02:01	23.1	3.15	0.00326407435161237	0.0	Q86WU2	0.33099103	-0.8398754999999999	train
12	A*02:01	268.4	1.6	0.412928276639216	0.0	P22223	-0.7435103	-0.13147202	train
12	A*02:01	4.5	17.4	0.55331950275925	0.0	Q6UXD7	0.099340096	0.9380525	train
2	A*02:01	81.9	2.44	0.027600738265804	0.0	Q13459	-0.7203837	-0.44274107	train
16	A*02:01	15.6	4.87	0.193231158478461	0.0	Q9Y2G5	0.52058524	-0.74325013	train
16	A*02:01	151.4	0.52	0.570219213655794	0.0	Q9HCN6	-0.7996321	0.047007702	train
2	A*02:01	47.1	6.09	0.0276733254994125	0.0	A6NL26	0.797697	-0.52779025	train
12	A*02:01	201.0	0.93	0.137022667141667	0.0	Q8TB52	0.8264864	0.48380923	train
16	A*02:01	129.6	1.8	1.12941371665926	0.0	P20929	-0.75444007	-0.16906808	train
16	A*02:01	94.3	3.57	1.7021660649819499	2.41624277522593e-17	P20929	-0.75444007	-0.16906808	train
2	A*02:01	8.2	8.06	0.000721837340117431	0.0	Q685J3	-0.854086	0.09112556	train
16	A*02:01	55.5	1.41	0.130089086237154	0.9961755437121721	P35556	-0.89439344	0.04979671	train
16	A*02:01	101.4	0.96	0.0715798390512495	0.0	Q9HBJ7	0.9111075000000001	0.27713746	train
16	A*02:01	189.3	1.37	0.0739694015057376	0.0	Q13043	0.49366190000000004	-0.55181754	train
16	A*02:01	79.6	2.14	0.865242122228134	0.0	Q15751	-0.8441333000000001	-0.21519051	train
16	A*02:01	12.5	4.83	0.0006137355105657508	0.0				train
2	A*02:01	10.6	6.12	0.8285949675725259	0.0	O60759	-0.4077103	-0.11894108	train
16	A*02:01	49.9	3.75	0.482209312274538	0.0	Q9NWW7	-0.8514379999999999	0.20728655	train
2	A*02:01	606.5	0.55	0.0431311115198467	0.0151242984958687	P51805	-0.82748383	-0.006165601999999999	train
12	A*02:01	28.4	10.82	0.00468600468600469	0.0	Q8N8U3	0.92953444	0.2586228	train
2	A*02:01	57.8	4.73	0.40605753362002	0.0	Q07954	-0.6244126999999999	-0.61368376	train
16	A*02:01	17.3	8.33	0.15000288626348002	0.0	Q9Y233	-0.7619222	0.14626119	train
1	A*02:01	41.5	3.55	0.00681310743367481	0.0				train
16	A*02:01	40.0	2.29	0.0263316215766891	3.47580404973379e-09	Q14CX7	-0.78126794	-0.20806065	train
16	A*02:01	595.1	8.53	0.0086527103932636	0.0				train
2	A*02:01	92.4	18.01	0.00963975460086109	0.0	Q9HCM4	-0.7177709	-0.35368913	train
12	A*02:01	63.0	9.22	0.885499712894558	0.0	Q969W9	-0.82970184	-0.28180906	train
12	A*02:01	211.7	9.22	0.8352368348418621	9.05359508832148e-07	Q969W9	-0.82970184	-0.28180906	train
12	A*02:01	67.1	5.03	0.0465848669216928	3.47580404973379e-09	O94886	-0.75792253	-0.3309145	train
1	A*02:01	59.5	3.27	0.529059218221617	0.0	Q14566	-0.22092889999999998	-0.81074196	train
12	A*02:01	100.1	2.02	0.48852822991131	0.0	O95865	-0.8856448	-0.22342719	train
16	A*02:01	41.5	6.5	0.156691684793169	0.0	Q9UNH6	0.5428321999999999	-0.783197	train
2	A*02:01	49.8	2.12	0.10707315383985301	0.0	Q8NEE6	-0.41582882	-0.047635897999999996	train
16	A*02:01	62.5	1.58	0.254761184846081	0.0	Q8NDX1	-0.6827603	0.14331065	train
1	A*02:01	79.6	1.89	0.29387170577092	0.0	Q14188	0.55571955	-0.618297	train
1	A*02:01	19.4	2.1	0.0148609118939414	0.0	Q8N5Z0	-0.9255754	-0.25587162	train
16	A*02:01	57.2	2.98	0.304579546380851	0.0	Q5JT25	-0.8371864	-0.26194754	train
1	A*02:01	34.1	5.95	0.0628165351313299	0.500014738553083	Q9NPG1	-0.6324460999999999	-0.4572916	train
1	A*02:01	21.4	2.36	0.350549660213137	0.0	Q14699	-0.7773227	-0.14164941	train
16	A*02:01	46.0	1.88	3.60383594580056	0.9999995473200408	Q8WU67	0.7915302	-0.53609294	train
2	A*02:01	37.3	5.68	0.582769182054795	0.0	Q9Y3C4	0.7516463000000001	0.33895653	train
16	A*02:01	200.5	1.36	0.06906308703963299	0.0	Q9BSJ8	-0.84777933	-0.31260014	train
16	A*02:01	14.6	2.14	1.1127464802229	0.0	Q15751	-0.8441333000000001	-0.21519051	train
16	A*02:01	175.8	2.14	0.762504561962312	0.0	Q15751	-0.8441333000000001	-0.21519051	train
2	A*02:01	642.7	1.04	0.0193494659612359	0.0	P46821	-0.6122558000000001	-0.6218458	train
16	A*02:01	36.2	1.23	0.752205547853955	0.0	Q68DV7	-0.7207555	0.15861252	train
16	A*02:01	17.5	4.59	0.7389776027995602	0.0	Q68DV7	-0.7207555	0.15861252	train
12	A*02:01	34.3	1.48	0.0987522794893944	3.47580404973379e-09				train
2	A*02:01	349.9	6.21	0.0111411885264022	5.89524745824429e-05	P25054	-0.68270177	-0.5601074	train
16	A*02:01	243.7	4.87	0.11256123025127601	0.0	Q9Y2G5	0.52058524	-0.74325013	train
16	A*02:01	5491.7	0.44	5.043232150335962	0.9923802289058159	Q8IYX4	0.11809303	-0.92404276	train
16	A*02:01	147.6	4.83	0.0128677912907022	0.9923802289058159	Q8NG84	0.78715795	-0.5337871999999999	train
16	A*02:01	14.5	2.89	0.7514846745275559	0.0	Q9BPX3	-0.5829496999999999	-0.4309977	train
16	A*02:01	63.3	1.94	0.00978445811453092	0.0	Q9NWW7	-0.8514379999999999	0.20728655	train
12	A*02:01	1380.5	1.22	0.412394755183132	0.0	O75179	0.35510772	-0.48487005	train
2	A*02:01	6.3	3.64	0.3815577921286569	0.9923802289058159	O95243	0.5502279	-0.5786593000000001	train
2	A*02:01	43.9	1.41	1.09577021083717	0.0	Q9Y6A4	-0.65087205	-0.47215644	train
2	A*02:01	11.9	10.42	2.41240458154138	0.0	Q7L576	-0.6093877	-0.6221385	train
16	A*02:01	112.0	0.97	0.6309434582694999	0.0	Q13901	0.4348849	-0.5871718	train
12	A*02:01	14.2	2.42	210.87670422535209	0.0	Q6ZN66	-0.8387222	-0.16376497	train
1	A*02:01	5.5	21.84	1.1198601460328101	0.9923802289058159	Q9NPG1	-0.6324460999999999	-0.4572916	train
1	A*02:01	15.0	21.84	1.1812484459464698	0.9999410475256221	Q9NPG1	-0.6324460999999999	-0.4572916	train
12	A*02:01	18.0	4.02	2.01245351100365	0.00011789799878610901	Q08AM6	-0.7025130999999999	-0.49156198	train
12	A*02:01	102.2	4.02	2.80117520071184	0.00011789799878610901	Q08AM6	-0.7025130999999999	-0.49156198	train
2	A*02:01	252.2	1.39	0.23278610779631	0.0	Q86VV8	-0.52560395	-0.37643105	train
12	A*02:01	232.1	1.42	6.804445603696	0.0	Q13057	-0.43066508	0.8341002000000001	train
12	A*02:01	232.1	1.42	6.804445603696	0.0	Q13057	-0.43066508	0.8341002000000001	train
16	A*02:01	50.9	5.46	1.4626436781609198	0.0	Q8NG84	0.78715795	-0.5337871999999999	train
1	A*02:01	559.7	2.4	0.218577052137505	0.0	Q5VZF2	-0.9066883	-0.30712667	train
2	A*02:01	5.2	9.83	0.551846414634771	0.0	Q9ULD8	-0.4412789000000001	-0.8158385	train
16	A*02:01	625.1	4.2	0.325201277024226	0.0	Q9BPX3	-0.5829496999999999	-0.4309977	train
12	A*02:01	7.1	10.56	0.44207650273224	0.0	Q6UXD7	0.099340096	0.9380525	train
2	A*02:01	14.8	4.94	0.42205322659966404	2.04919331109317e-13	Q92187	0.40253007	-0.85706645	train
16	A*02:01	219.9	2.89	0.8208547276910619	0.0	Q9BPX3	-0.5829496999999999	-0.4309977	train
16	A*02:01	429.8	1.04	0.921252217819667	0.0	Q8IXB1	-0.8286287	-0.12771806	train
12	A*02:01	11.1	2.63	0.5686979097859239	2.04919331109317e-13				train
16	A*02:01	159.9	5.7	0.17231781620153502	0.0	Q13535	0.6289955	-0.4349397	train
2	A*02:01	61.0	1.54	0.429650192749269	2.6688189211265498e-11	P00966	-0.8237853	-0.31836224	train
2	A*02:01	47.7	3.63	5.1996260095520075	0.0	Q68CZ2	0.93212456	0.008216558	train
12	A*02:01	38.3	1.5	0.284014861511732	5.8955949976690195e-05	Q9C004	-0.81359684	-0.16132645	train
2	A*02:01	14.1	6.55	0.125380991872191	0.9999995473200408	P11413	-0.616173	-0.37270474	train
2	A*02:01	14.1	2.25	1.92427894332946	0.0	Q8NFZ5	0.59051186	-0.72096264	train
12	A*02:01	3.8	16.42	0.8636363636363641	3.47580404973379e-09	O95264	-0.6303470999999999	-0.090930186	train
1	A*02:01	15.2	1.63	0.9047619047619052	0.0	Q8N135	-0.5518236	-0.771736	train
16	A*02:01	199.9	1.89	0.114841429970857	0.0	Q13535	0.6289955	-0.4349397	train
16	A*02:01	12.2	5.42	0.140384751655894	0.0	Q13535	0.6289955	-0.4349397	train
2	A*02:01	14.6	5.6	0.0013896270485486198	4.5267995933512706e-07	P27487	-0.6555868	-0.54131955	train
2	A*02:01	5.1	7.65	0.548704153034955	0.0	Q9BUK0	0.9480295	-0.15326175	train
2	A*02:01	12.3	8.55	0.962723418689104	0.999999849106635				train
1	A*02:01	80.5	1.69	0.0036204671077190212	0.9961901144529078	Q9UKL2	-0.61342776	-0.7295694	train
16	A*02:01	29.4	3.68	0.220559876878325	0.0				train
16	A*02:01	3.5	20.22	0.7142857142857142	0.0				train
1	A*02:01	48.9	6.62	0.00323511121108274	3.47580404973379e-09	Q5VTJ3	0.0770946	0.92369014	train
1	A*02:01	16.4	6.46	0.0056103012026435	0.0	Q93009	0.47599274	-0.5946726999999999	train
16	A*02:01	597.8	5.19	0.380652002501427	0.0	Q9Y2L5	-0.75492764	-0.39503434	train
16	A*02:01	6283.9	5.19	0.30854325850526193	0.0	Q9Y2L5	-0.75492764	-0.39503434	train
16	A*02:01	303.2	4.55	0.896510940272028	0.0	Q9Y2L5	-0.75492764	-0.39503434	train
2	A*02:01	129.1	0.92	0.0560973081765491	0.0	Q14692	0.045639306	-0.6714150999999999	train
2	A*02:01	18.0	3.49	0.0737818013890467	0.0	Q14692	0.045639306	-0.6714150999999999	train
12	A*02:01	3.4	6.03	0.104551784796497	0.9999995473200408	Q5T4S7	-0.79223627	-0.23086292	train
12	A*02:01	4.1	27.13	8.50755296411182e-05	0.0151242984958687				train
12	A*02:01	81.9	4.37	14.962648479997	0.0	P15056	-0.5600636999999999	-0.73940635	train
12	A*02:01	186.0	1.1	0.57834013436787	5.89524745824429e-05	Q8N2U9	-0.8317943999999999	-0.24350269	train
16	A*02:01	132.4	2.6	0.825963752408114	0.0	Q9Y2L5	-0.75492764	-0.39503434	train
12	A*03:01	45.0	3.02	1.0	0.0	Q6UXD7	0.099340096	0.9380525	train
3	A*03:01	17.5	5.14	2.67792685033485	0.0	Q6ZW61	-0.5212997	-0.76367617	train
3	A*03:01	25.0	5.11	0.182496723696993	0.5	O15054	0.38348168	-0.5715637	train
12	A*03:01	21.9	4.14	0.725591878764603	0.0	P05121	-0.88163626	0.08652252	train
3	A*03:01	20.1	9.59	0.00216177515451378	1.5734275536184001e-15	Q6V0I7	-0.76528645	0.15271194	train
3	A*03:01	20.9	1.82	1.10723152183187	0.0	P49327	-0.7920588000000001	-0.35034412	train
3	A*03:01	22.7	5.13	0.0032194130465221103	0.0	P08581	-0.82728875	0.13020961	train
12	A*03:01	404.2	2.1	0.00648110595533925	0.0				train
3	A*03:01	16.7	1.89	0.00243671547877552	0.0	Q7L576	-0.6093877	-0.6221385	train
3	A*03:01	48.6	4.48	0.762838237469102	9.05359508856312e-07	Q12904	-0.83210325	-0.17292583	train
3	A*03:01	147.3	2.48	0.0270622956978958	0.9923802289058159	P51805	-0.82748383	-0.006165601999999999	train
3	A*03:01	7.7	42.15	0.37332464301393603	0.0	Q9UL63	-0.64664364	-0.24991792	train
12	A*03:01	115.0	0.95	0.0994679519176548	1.5734275536184001e-15	Q13057	-0.43066508	0.8341002000000001	train
12	A*03:01	107.5	0.77	0.7565724614377219	0.0	O95528	-0.7994069	0.10997829	train
3	A*03:01	47.2	2.31	0.270017016379183	0.0	P51805	-0.82748383	-0.006165601999999999	train
12	A*03:01	678.7	1.23	1.03493873134801	0.0	Q15526	0.4598684	-0.7366117	train
3	A*03:01	29.9	1.82	0.609826740292459	0.0	Q9P2N7	-0.40832642	-0.10806706	train
12	A*03:01	297.5	0.23	0.00975155516820634	0.0	Q8TB52	0.8264864	0.48380923	train
3	A*03:01	159.9	0.4	0.5607850628126511	0.0	Q92952	-0.73720056	0.026879035	train
3	A*03:01	16.7	3.6	0.35123219707557296	0.0	Q71RG4	0.18912601	0.9251739999999999	train
3	A*03:01	10.5	3.8	0.500936986767489	0.0	Q9UI08	-0.70167875	-0.42486328	train
3	A*03:01	13.8	0.86	1.1011672247288	0.9999999999997952	Q9H061	0.3402682	-0.88693374	train
12	A*03:01	24.9	5.74	1.41649461258479	0.0	O94886	-0.75792253	-0.3309145	train
12	A*03:01	54.6	0.89	0.00320422502081905	0.0	Q8N468	0.09827766	0.9419610999999999	train
3	A*03:01	414.5	0.52	0.016334419735333	0.0	P01023	-0.88569313	0.079044856	train
3	A*03:01	75.9	0.66	0.48068397720076	0.0	P53618	-0.6414588000000001	-0.56720245	train
3	A*03:01	22.4	12.12	0.802867383512545	0.0	Q8WUM4	-0.67955995	-0.5463118	train
3	A*03:01	61.2	3.9	0.931506849315068	0.0	Q6IS14	0.84712505	0.41616943	train
3	A*03:01	14.1	6.71	0.218105534965138	1.35803864849162e-06	Q8IYB9	0.91740644	0.27905816	train
3	A*03:01	58.3	2.97	0.00970822389341205	6.951608075305151e-09	P48751	-0.83497465	0.1621852	train
3	A*03:01	18.7	13.5	0.670289067012652	9.05359508832148e-07	Q13586	-0.78057224	-0.38923815	train
12	A*03:01	44.2	23.09	0.18218804585503	0.0	Q8N3K9	-0.69817257	-0.20560353	train
3	A*03:01	19.3	11.54	0.0446352239137883	0.0	P17035	0.91852874	0.26071346	train
3	A*03:01	12.1	16.71	0.0034838503511987608	0.0	P05981	-0.6525258	-0.050126627	train
12	A*03:01	61.3	1.32	0.00252135165468681	0.0				train
3	A*03:01	18.7	25.57	0.0172662167496192	5.89524745824429e-05	Q8N972	0.92656696	0.24690653	train
3	A*03:01	81.3	3.1	0.0321907267363522	0.0	P61962	0.37665114	-0.56905365	train
3	A*03:01	11.8	4.24	0.36122425537296704	0.0	Q8IVF2	-0.7448781999999999	-0.39196035	train
3	A*03:01	12.9	2.93	0.713253677119032	0.0	Q8WXG9	-0.6956656999999999	-0.5206876	train
3	A*03:01	127.4	0.6	0.0158266186167923	0.5	O15054	0.38348168	-0.5715637	train
3	A*03:01	13.2	2.12	0.764526113342056	0.999941047525419	Q15723	0.55262	-0.6090116	train
12	A*03:01	124.8	0.28	0.6185271711009971	0.0	O60930	0.96022934	-0.049893975	train
12	A*03:01	172.9	0.23	0.0994549228818669	0.0	Q8TB52	0.8264864	0.48380923	train
12	A*03:01	172.9	0.23	0.0994549228818669	0.0	Q8TB52	0.8264864	0.48380923	train
12	A*03:01	60.0	0.42	0.6583399999999999	0.0	P29371	-0.79244703	-0.22663674	train
12	A*03:01	194.7	0.35	0.14288068903838094	0.0	Q9Y2G7	0.9284033000000002	0.26570117	train
3	A*03:01	84.8	0.85	0.00543874801185129	2.6688189211265498e-11	P15104	-0.7672283000000001	-0.39601013	train
3	A*03:01	22.1	11.13	0.562450820613272	0.999999996524198	P26639	0.3196413	0.0635028	train
3	A*03:01	1145.0	3.92	1.7163054148471617	0.0	P24666	-0.7672666	-0.023239773	train
3	A*03:01	3.5	42.15	0.5838398374207651	0.0	Q9UL63	-0.64664364	-0.24991792	train
3	A*03:01	15.8	42.15	0.258763155355972	0.0	Q9UL63	-0.64664364	-0.24991792	train
3	A*03:01	7.8	25.94	0.543715652833049	0.0	O43189	0.35547352	-0.48588827	train
3	A*03:01	6.9	5.3	0.00334557065711036	0.0				train
12	A*03:01	291.3	2.86	1.16859315081443	0.0	P12270	-0.6605416000000001	-0.57083774	train
3	A*03:01	13.3	5.24	0.53403892772478	3.47580404973379e-09	P08603	-0.59264034	-0.67000836	train
3	A*03:01	35.7	12.4	0.6021664811448361	0.0	Q08116	-0.83896327	0.16622305	train
3	A*03:01	393.3	12.4	0.5463847604044361	0.0	Q08116	-0.83896327	0.16622305	train
3	A*03:01	11.4	3.66	1.0395749509617198	0.0	O75147	-0.7422259	-0.47375616	train
3	A*03:01	399.5	2.48	0.0345562083401113	0.9923802289058159	Q9UIW2	-0.83557224	-0.04057672	train
3	A*03:01	22.4	10.04	1.05660377358491	0.9999995473200408	P53621	-0.7925297	-0.38246903	train
3	A*03:01	8.3	7.27	0.00812730830400053	4.5267995933512706e-07	P12259	-0.6921232	-0.3268836	train
3	A*03:01	398.8	18.67	0.125407452525851	0.0	O60244	-0.1812571	-0.40877774	train
3	A*03:01	14.8	3.48	0.414953887701488	0.0	Q6ZNL6	-0.73600006	-0.46271977	train
12	A*03:01	30.9	3.63	0.000671530880981012	0.0				train
12	A*03:01	158.8	0.79	0.4903210364236671	0.0	O60749	-0.73344815	-0.49355194	train
12	A*03:01	28.3	2.2	0.6407807660773929	0.0				train
12	A*03:01	28.5	3.63	0.000700639075006935	0.0				train
3	A*03:01	55.6	1.57	0.0112164401326075	0.0	Q9H501	-0.72082233	-0.51784045	train
12	A*03:01	869.5	0.52	0.163232036154289	0.0	O60268	0.95852846	-0.047057144	train
12	A*03:01	103.4	1.37	0.0662833398189362	0.0	Q13057	-0.43066508	0.8341002000000001	train
12	A*03:01	82.7	6.59	0.595331018203609	0.0	Q08AM6	-0.7025130999999999	-0.49156198	train
12	A*03:01	82.7	6.59	0.595331018203609	0.0	Q08AM6	-0.7025130999999999	-0.49156198	train
3	A*03:01	77.9	1.78	0.007356028767865791	0.0	Q08828	-0.6606416	-0.33702996	train
3	A*03:01	46.0	1.6	0.0111624069586068	0.0	Q86UA1	0.30361232	-0.8602638000000001	train
16	A*11:01	115.3	3.79	1.16973700591486	0.0				train
16	A*11:01	19.3	3.45	0.972195398118369	0.0	Q6ZSM3	-0.44468793	-0.81374145	train
16	A*11:01	153.0	0.31	0.00650012638862413	0.0				train
16	A*11:01	107.0	5.15	0.0502557183943695	5.89524747873381e-05	Q9Y5G2	0.9291778	0.11919833	train
16	A*11:01	107.4	0.88	0.00505945836295148	5.4689258818384885e-24				train
16	A*11:01	94.4	2.51	0.7867915643779481	0.0	Q8TF20	0.93373066	0.25000215	train
16	A*11:01	30.8	6.14	0.0170395113920828	0.5	Q9H714	-0.81206316	-0.2620379	train
16	A*11:01	283.5	26.8	1.22769301702132	0.0	P05997	-0.9038341999999999	0.082069226	train
16	A*11:01	24.5	0.88	0.00176934287367725	0.0				train
16	A*11:01	174.5	7.35	0.00477079651678404	0.0				train
16	A*11:01	14.1	19.94	0.70937213711809	0.0	Q86UP3	0.5175325	-0.7878670999999999	train
16	A*11:01	31.6	3.95	0.000832308899731051	0.0				train
16	A*11:01	254.7	0.6	0.008382282908097309	0.999999999991149	P42336	-0.75697803	-0.3215155	train
16	A*11:01	346.4	2.52	1.79547574022742	0.0	P49023	-0.7320906999999999	-0.4632597	train
16	A*11:01	635.3	0.2	0.0483017013104637	0.0	Q14CX7	-0.78126794	-0.20806065	train
16	A*11:01	28.4	4.36	0.7841067876769771	0.0	Q9Y2G5	0.52058524	-0.74325013	train
16	A*11:01	28.2	1.99	1.2361591108988998	0.0	Q5VWI1	0.917009	0.25750095	train
16	A*11:01	71.8	0.44	0.512623925718344	0.0	Q9Y2G5	0.52058524	-0.74325013	train
16	A*11:01	43.8	0.73	0.00271590434435492	0.00011789799878768201	Q8WXH6	-0.780135	-0.19844466	train
16	A*11:01	59.7	2.34	0.0218268867372423	1.5734275536184001e-15	Q9UQC2	0.94388396	-0.17699564	train
16	A*11:01	255.7	2.34	0.165551878833279	1.5734275536184001e-15	Q9UQC2	0.94388396	-0.17699564	train
16	A*11:01	13.9	7.35	0.00044491354543360704	0.0				train
16	A*11:01	63.6	4.96	0.11102238660319401	0.992380674713825	Q9NWW7	-0.8514379999999999	0.20728655	train
16	A*11:01	4.8	19.94	0.885097911396638	0.0	Q86UP3	0.5175325	-0.7878670999999999	train
16	A*11:01	41.5	19.94	0.574012970809014	0.0	Q86UP3	0.5175325	-0.7878670999999999	train
16	A*11:01	4.9	42.15	0.00774336283185841	5.3376378421106396e-11	Q9HC84	-0.8417913	0.03916782	train
16	A*11:01	180.8	0.9	0.0487985536612839	0.0	P05997	-0.9038341999999999	0.082069226	train
16	A*11:01	100.1	1.34	0.648736228127025	0.0	Q8TE60	-0.938135	-0.12797825	train
16	A*11:01	332.8	0.83	0.257761324380189	0.0	Q9UNH6	0.5428321999999999	-0.783197	train
16	A*11:01	432.3	0.64	0.0211099537033364	0.0	Q9UNH6	0.5428321999999999	-0.783197	train
16	A*11:01	4.0	42.15	0.0100933636134242	5.3376378421106396e-11	Q9HC84	-0.8417913	0.03916782	train
16	A*11:01	93.1	3.85	0.6874950980839711	0.0	Q7Z444	0.88468117	-0.37247607	train
16	A*11:01	180.5	4.27	0.674939114177688	0.0	Q7Z444	0.88468117	-0.37247607	train
10	A*24:02	380.5	1.74	7.68041629434954	0.0	Q96HG1	0.120707095	0.95372623	train
10	A*24:02	162.1	4.41	0.214247951361353	0.0	Q96HG1	0.120707095	0.95372623	train
10	A*24:02	1895.9	0.39	0.8597465481234591	0.0	P17010	0.8295164	-0.46364328	train
10	A*24:02	152.4	2.44	0.924196482716798	0.0	P34741	-0.8884506999999999	0.07695415	train
10	A*24:02	108.1	3.91	0.22096584283332799	0.0	Q969H0	-0.3735788	-0.53173244	train
10	A*24:02	298.9	1.25	0.0518800038929733	5.3376378421106396e-11	Q99835	-0.7361708	-0.40096483	train
10	A*24:02	44.7	1.63	0.00161806440403104	0.0	O15335	-0.94106305	0.06289843	train
10	A*24:02	497.2	3.07	1.0841849123624099	6.951608075305151e-09	O43147	-0.7333221999999999	0.13301116	train
10	A*24:02	113.1	3.07	1.0871740380461299	6.951608075305151e-09	O43147	-0.7333221999999999	0.13301116	train
10	A*24:02	89.1	0.89	0.10491301488676598	0.0151242984958687	P55160	-0.74910754	-0.20742372	train
10	A*24:02	374.6	1.05	0.306479801434841	5.89525546407173e-05	P37288	-0.76182854	0.068872556	train
10	A*24:02	123.0	0.36	0.475270479134467	0.501912228143914	Q9UKQ9	0.6228176999999999	0.7045958000000001	train
10	A*24:02	20804.7	0.16	1.1268027416881763	0.9999414967297792	Q9BYE4	-0.6166943	-0.6698433000000001	train
10	A*24:02	702.9	0.36	0.527980169758882	0.503809885547092	Q9UKQ9	0.6228176999999999	0.7045958000000001	train
10	A*24:02	418.4	0.56	0.0636714288147082	0.0	Q6V0I7	-0.76528645	0.15271194	train
10	A*24:02	70.5	1.65	0.179200947150346	5.89524745824429e-05	Q9NQT8	-0.72532785	-0.44443092	train
10	A*24:02	138.8	1.04	0.16701245944338902	0.0	Q969H0	-0.3735788	-0.53173244	train
10	A*24:02	911.3	1.03	0.21328933202265601	0.0	Q9UKQ9	0.6228176999999999	0.7045958000000001	train
10	A*24:02	1744.1	0.51	14.059548076371767	0.0	Q96BA8	-0.93032855	0.043344293	train
10	A*24:02	366.5	0.42	0.5885659225951501	0.0	O60259	-0.87145925	0.01675859	train
10	A*24:02	1723.1	0.42	0.663803066492025	0.667517630666613	Q9UKQ9	0.6228176999999999	0.7045958000000001	train
10	A*24:02	164.0	0.88	0.902172936706158	0.5000000008756741	O43147	-0.7333221999999999	0.13301116	train
10	A*24:02	6.1	82.53	0.19803932357580398	2.6688189211265498e-11	Q96IF1	-0.6099013000000001	-0.36857465	train
10	A*24:02	114.4	82.53	0.157056562328391	2.6688189211265498e-11	Q96IF1	-0.6099013000000001	-0.36857465	train
10	A*24:02	39.0	4.17	0.0024855329237515	0.0	Q9UM82	0.61706686	0.6474496	train
10	A*24:02	118.7	0.37	0.00475365896843358	0.0	O95863	0.19790144	-0.66310906	train
10	A*24:02	508.5	3.91	0.496359703211469	0.0	Q969H0	-0.3735788	-0.53173244	train
1	A*68:01	23.3	6.96	0.00133394509888846	0.0	Q15906	0.78486294	-0.30031124	train
1	A*68:01	29.5	1.96	0.13144784225105902	0.00761977109418369				train
1	A*68:01	16.6	2.43	1.80108117951704	0.0	Q9UBT2	0.71435785	-0.03463296	train
1	A*68:01	39.2	1.63	0.0381703361495559	0.0	O15209	0.51781493	-0.7866849	train
1	A*68:01	24.1	2.61	0.0309525442269314	0.0	Q9H9Y2	0.7411336	-0.13874225	train
1	A*68:01	127.8	1.3	2.27604880848108	0.0	Q9H9E1	-0.37415957	-0.04484407	train
1	A*68:01	19.2	4.55	0.7675572916666666	0.0	O95714	-0.84398836	0.2850414	train
1	A*68:01	64.1	0.49	0.00199390939999191	0.9999999965244007	P00751	-0.880762	0.13299942	train
1	A*68:01	52.6	0.44	0.435141874902588	0.0	Q93009	0.47599274	-0.5946726999999999	train
1	A*68:01	9.6	1.63	0.0276976852943326	0.0	O15209	0.51781493	-0.7866849	train
1	A*68:01	14.0	0.7	0.509985592373134	3.476213888393161e-09	Q96KM6	0.9223334000000001	0.26807705	train
1	A*68:01	35.9	2.42	0.00662515469671745	0.0	Q9ULJ6	0.58874327	0.55504954	train
1	A*68:01	18.6	2.19	0.5630714991124139	0.0	O95249	-0.78120625	-0.42009398	train
1	A*68:01	33.0	4.93	0.0150315176983999	0.0	P59537	0.41485658	0.36570445	train
1	A*68:01	5.4	9.21	0.445637655299073	0.0	Q99698	-0.816534	-0.4404723	train
1	A*68:01	134.3	9.21	0.21886018678707306	0.0	Q99698	-0.816534	-0.4404723	train
1	A*68:01	53.2	0.87	0.00840552438767331	0.0	P08235	-0.1385215	0.9310685	train
1	A*68:01	230.5	0.93	0.00652097857817206	0.0	Q2M3G0	-0.6131373	-0.72962683	train
1	A*68:01	15.2	0.42	0.564489383771455	0.0	Q6KC79	-0.45879257	-0.591903	train
1	A*68:01	127.4	0.37	0.200797037279721	0.0	O75643	-0.49719012	-0.6117676	train
1	A*68:01	216.5	4.15	0.79492211947399	0.0	Q9BRC7	0.6221723000000001	0.5787872	train
1	A*68:01	464.8	2.42	0.0331640276277753	0.0	Q9ULJ6	0.58874327	0.55504954	train
1	A*68:01	4813.1	2.42	0.0911715465546595	0.0	Q9ULJ6	0.58874327	0.55504954	train
1	A*68:01	37.5	0.76	0.0054231775211493706	0.0	Q9UQL6	0.17893045	-0.5208919	train
1	A*68:01	55.7	0.62	0.009587473181783629	0.0	Q15911	0.55246425	-0.63934386	train
1	A*68:01	52.0	0.73	0.0069939300031866	0.0	Q15911	0.55246425	-0.63934386	train
1	A*68:01	74.4	3.93	0.464761356131817	0.0	Q2VY69	0.9250464	0.24953121	train
1	A*68:01	17.5	0.7	1.00672372113269	5.94051011701558e-05	Q8WWY8	0.6490693000000001	-0.6917854999999999	train
1	A*68:01	37.4	0.42	0.31465891663590195	0.0	Q6KC79	-0.45879257	-0.591903	train
1	A*68:01	12.8	2.86	1.16400624519376	0.00767782860895672	Q9C000	-0.15971279	-0.41419125	train
12	B*07:02	595.6	6.9	3.3509306918110497	0.0	Q8IVF2	-0.7448781999999999	-0.39196035	train
12	B*07:02	551.1	1.27	0.10577842285402696	0.0	P42771	0.7490081999999999	0.3393751	train
12	B*07:02	106.4	0.79	0.00488734755747456	0.5	Q52LR7	0.85904866	-0.38486943	train
12	B*07:02	59.7	3.03	5.34012429540046	0.0	Q14202	0.91689795	-0.28369492	train
12	B*07:02	85.6	2.73	0.0419038898747158	0.0	P42771	0.7490081999999999	0.3393751	train
12	B*07:02	198.4	2.73	0.0226210032362421	0.0	P42771	0.7490081999999999	0.3393751	train
12	B*07:02	17.8	14.43	0.3683997421626071	0.0	P21802	-0.7084632	-0.056229256	train
12	B*07:02	369.8	0.77	0.34934769491490103	3.47580404973379e-09	O94886	-0.75792253	-0.3309145	train
12	B*07:02	43.4	2.73	0.0143360092891531	0.0	P42771	0.7490081999999999	0.3393751	train
12	B*07:02	57.7	1.5	1.09565827644303	0.0	Q9NPH0	-0.45204383	0.8415879	train
12	B*07:02	4.2	26.82	1.27272727272727	0.0	O43364	0.71472144	-0.32633868	train
12	B*07:02	117.7	1.12	0.25293128597438397	0.0	Q14573	-0.6726174	-0.5645888000000001	train
12	B*07:02	707.0	0.71	0.553370817235063	0.9999999999999979	Q7Z6E9	0.28659979	-0.51343024	train
12	B*07:02	60.8	2.61	0.00169930368818901	0.0				train
12	B*07:02	173.0	1.03	0.8111842640935899	0.9999999999997952	O00203	-0.70520943	-0.50096506	train
12	B*07:02	341.3	1.34	0.0428141823231935	0.00761977109418369	P12109	-0.88781804	0.07691932	train
12	B*07:02	1881.6	0.5	0.5933786853998511	0.0	Q9UHD8	-0.6725032	-0.5658803000000001	train
10	B*08:01	479.8	0.18	5.21952181403292	0.0	Q15637	0.44750829999999997	-0.55471134	train
3	B*08:01	58.6	0.4	0.00986591933374562	0.0	O60244	-0.1812571	-0.40877774	train
10	B*08:01	108.3	0.14	0.00623780865813777	0.0				train
10	B*08:01	126.7	0.26	0.148169804701205	0.0	Q8NDI1	-0.69122374	-0.29464447	train
10	B*08:01	181.2	0.39	0.173263860376353	0.0	Q6V0I7	-0.76528645	0.15271194	train
3	B*08:01	126.3	0.3	0.452688172043011	0.0	Q9ULV8	-0.8643687	0.1198224	train
3	B*08:01	41.6	0.45	0.261555394405593	3.47580404973379e-09	P13535	-0.72298104	-0.36458978	train
3	B*08:01	68.5	0.31	35.56490218978102	0.0	Q0VDD8	-0.6511595	-0.36739102	train
3	B*08:01	145.4	0.21	0.846042870395501	0.0	Q92565	0.696946	0.64777875	train
10	B*08:01	429.5	0.25	0.690499638851105	0.9999997736599692	Q8IZV2	0.42070392	-0.83718145	train
10	B*08:01	243.3	0.39	0.226319212910169	0.0	O60282	-0.717291	-0.51531017	train
3	B*08:01	22.4	0.49	0.7807412917070691	0.0	P21359	-0.68356407	-0.20634869	train
10	B*08:01	247.8	0.3	0.368056169619084	0.0	O94823	-0.8750509	-0.25503245	train
3	B*08:01	41.5	0.4	0.0406409972552219	0.0	P51805	-0.82748383	-0.006165601999999999	train
10	B*08:01	300.0	0.36	1.1022769605968301	0.0	P47974	0.117173925	-0.9279304	train
10	B*08:01	8.9	2.16	1.08536585365854	0.0	Q9H340	0.7841638000000001	-0.5376645	train
3	B*08:01	20.7	0.98	0.508503468918548	0.0	Q9UQB9	-0.6795083000000001	-0.5516185	train
3	B*08:01	10.3	0.47	0.02101913823682	0.0	Q8WTT2	0.49818784	-0.5390682	train
10	B*08:01	15.5	0.53	1.5816326530612201	0.0	Q9H1C4	-0.8359213	-0.3234358	train
10	B*08:01	161.7	0.29	1.3486238532110102	0.0	Q9H845	-0.8119898	-0.32821152	train
10	B*08:01	298.7	0.29	0.9685335146398041	0.0	P13682	-0.9206469	-0.23184659999999999	train
10	B*08:01	212.2	0.23	2.1407917074358602	0.0	O75376	0.40501925	-0.58915234	train
10	B*08:01	161.2	0.47	1.7647542204829898	1.20812138761297e-17	P47974	0.117173925	-0.9279304	train
10	B*08:01	65.9	0.18	0.340041279669763	0.0	Q96HG1	0.120707095	0.95372623	train
3	B*08:01	72.9	0.25	0.542127855643368	0.0	P02549	-0.7324929	-0.4709204000000001	train
10	B*08:01	109.4	0.43	0.18349547131835006	0.0	Q8NDI1	-0.69122374	-0.29464447	train
10	B*08:01	65.6	0.38	1.52558139534884	0.0	Q15637	0.44750829999999997	-0.55471134	train
3	B*08:01	5.3	0.51	0.0183137525915688	0.0	Q9UD71	-0.7308835	-0.32293802	train
3	B*08:01	312.5	0.54	1.10185899137598	0.0297979275619618	Q8TEA7	0.70312434	0.19656584	train
3	B*08:01	56.7	0.41	0.21380090497737608	0.0	O43542	-0.22456865	-0.5269902	train
3	B*08:01	82.5	0.24	0.20271073100818104	0.0	Q9BZD4	-0.66941863	-0.40904182	train
10	B*08:01	591.6	0.27	0.849014044395352	1.35803864849162e-06	Q13613	0.9434173	-0.176866	train
10	B*08:01	136.3	0.33	0.214116692825882	0.0	O94823	-0.8750509	-0.25503245	train
3	B*08:01	103.5	0.28	0.15470633147559398	0.0	P02549	-0.7324929	-0.4709204000000001	train
3	B*08:01	80.1	0.19	0.538374786030839	0.0	Q9H869	0.5114712	-0.5599415	train
3	B*08:01	92.3	0.23	0.918976455263088	0.0	Q86UE4	-0.7892504	-0.35335514	train
10	B*08:01	72.2	0.3	3.11448891966759	0.0	Q496F6	0.7899007	-0.534403	train
10	B*08:01	698.6	0.23	1.95686274509804	0.0	Q9Y618	0.42192405	-0.60209537	train
10	B*08:01	1581.0	0.16	0.26597355405269	0.0	Q9UKQ9	0.6228176999999999	0.7045958000000001	train
3	B*08:01	77.0	0.55	0.0333017979451936	0.0	Q14289	-0.65031934	-0.59192735	train
10	B*08:01	193.4	0.27	0.153931868831582	0.0	Q8NDI1	-0.69122374	-0.29464447	train
3	B*08:01	154.0	0.34	0.0287300095537941	0.0	Q8N3Y1	-0.6651971999999999	-0.24157709	train
3	B*08:01	13.6	0.31	0.5086041979867489	0.0	P48751	-0.83497465	0.1621852	train
10	B*08:01	397.0	0.25	0.176651954301375	0.0	Q96HG1	0.120707095	0.95372623	train
3	B*08:01	50.5	0.78	2.7626534293076803	0.9999999965506808	Q70JA7	0.75740796	0.43770447	train
10	B*08:01	21.4	0.41	0.144010767160162	0.0	Q8NGE8	0.78585786	-0.5373682	train
10	B*08:01	11.8	1.39	0.5016304780084311	0.0	Q9P227	0.3617318	-0.8590738000000001	train
10	B*08:01	538.4	0.4	0.146859060036551	0.0	Q07820	-0.82351005	-0.30582348	train
16	B*27:05	76.1	0.4	0.681711663006712	0.0	Q9Y233	-0.7619222	0.14626119	train
16	B*27:05	96.2	0.68	0.339426475959763	0.0	Q8IUK5	-0.80314255	0.103784375	train
16	B*27:05	30.4	1.78	0.00343257917998513	0.0				train
16	B*27:05	50.8	1.84	0.007187862782834079	0.0				train
16	B*27:05	187.4	2.34	0.01258919163277	0.0	Q9BQW3	0.51832896	-0.7872191	train
16	B*27:05	42.1	1.3	0.16058234610070302	0.999988245051672	O15347	0.9425222	-0.15485632	train
16	B*27:05	539.7	0.49	0.701730963222781	0.0	Q8NDX1	-0.6827603	0.14331065	train
16	B*27:05	92.4	0.44	1.4538726811359295	0.0	Q8NDX1	-0.6827603	0.14331065	train
16	B*27:05	224.9	0.44	0.0704916309810865	0.0	Q13535	0.6289955	-0.4349397	train
16	B*27:05	160.8	0.84	0.12209746472035	0.0	Q13535	0.6289955	-0.4349397	train
16	B*27:05	221.0	0.79	0.256128135532829	0.0				train
16	B*27:05	274.3	0.77	0.0531325568673194	0.999988208948994	O15347	0.9425222	-0.15485632	train
16	B*27:05	77.9	0.94	0.0260589140624989	0.999988208948994	O15347	0.9425222	-0.15485632	train
16	B*27:05	31.5	4.62	2e-05	0.0				train
16	B*27:05	224.8	4.62	2e-05	0.0				train
16	B*27:05	46.4	3.93	0.879008000787142	0.0	Q9Y2G5	0.52058524	-0.74325013	train
16	B*27:05	62.1	3.97	0.582559182475386	0.0	Q9Y2G5	0.52058524	-0.74325013	train
16	B*27:05	9.6	2.47	0.8629493359567142	0.0	Q9Y2G5	0.52058524	-0.74325013	train
16	B*27:05	41.9	2.47	0.702955263873895	0.0	Q9Y2G5	0.52058524	-0.74325013	train
16	B*27:05	26314.2	0.16	1.2394573310227937	0.0	P06126	-0.8309324	0.12811665	train
16	B*27:05	78.0	0.95	1.10795454545455	0.0	Q9UNH6	0.5428321999999999	-0.783197	train
16	B*27:05	65.4	0.9	1.122832630045	0.0	Q15111	0.5377306	0.79588383	train
1	B*44:02	620.1	0.35	0.0345462044527457	0.0	Q9NUQ6	0.24113095	-0.29924327	train
16	B*44:02	42.6	0.7		0.0				train
1	B*44:02	18.8	2.85	0.0128004357595152	5.89524745824429e-05	P59103	-0.8717068000000001	-0.2148866	train
16	B*44:02	28.9	3.16	0.4117302362014029	0.0	Q9H714	-0.81206316	-0.2620379	train
10	B*44:02	362.2	0.99	0.390809092647966	0.0	Q8IV04	-0.81195784	-0.18928905	train
16	B*44:02	84.9	1.15	0.0126993811187336	0.0	P42701	-0.82131624	0.017073238	train
10	B*44:02	16.4	3.28	0.5366225296442689	0.0	Q99835	-0.7361708	-0.40096483	train
1	B*44:02	4882.2	0.52	0.7000247019786162	0.0	Q9BTY2	-0.8784081	0.03460283	train
16	B*44:02	1529.2	0.3	2e-05	0.0				train
16	B*44:02	96.9	0.76	0.0218124013395179	0.0	Q86UP3	0.5175325	-0.7878670999999999	train
1	B*44:02	56.3	1.32	0.0021906513040135	0.0	P20701	-0.7400178000000001	-0.219293	train
10	B*44:02	293.1	0.43	0.48873724157694803	0.0	O95450	-0.93798155	0.040863458	train
10	B*44:02	43.6	0.79	0.4535910557077501	0.0	O95450	-0.93798155	0.040863458	train
1	B*44:02	556.5	0.63	1.7457431615950805	4.5267995933512706e-07	Q8N6C5	-0.8411427	-0.43741179999999996	train
1	B*44:02	286.9	0.92	1.18296307061885	0.0	Q03001	-0.63892096	-0.5926186999999999	train
10	B*44:02	807.0	0.61	0.8163105328376704	0.0	P33176	-0.6741154	-0.565497	train
10	B*44:02	54.1	0.5	0.30530474040632105	0.0	Q96IF1	-0.6099013000000001	-0.36857465	train
1	B*44:02	136.3	0.55	1.13835803580696	3.47580404973379e-09	O43896	-0.74320227	-0.43600255	train
1	B*44:02	26.4	0.9	0.918121212121212	0.0				train
1	B*44:02	57.7	1.07	0.482370883882149	5.89524745824429e-05	Q9P273	-0.82444626	0.051085483	train
1	B*44:02	60.2	0.92	0.543029638239279	0.0	Q96KM6	0.9223334000000001	0.26807705	train
10	B*44:02	1181.5	0.71	0.957145171743357	0.0	Q9BQI6	0.29438275	-0.5014254	train
1	B*44:02	2686.8	0.19	0.417192012670414	0.999999773666641	P02452	-0.9038354	0.084715046	train
16	B*44:02	129.0	1.09	0.53952073339831	0.0	Q13535	0.6289955	-0.4349397	train
10	B*44:02	8303.5	0.59	1.0798463178177875	0.0	P33176	-0.6741154	-0.565497	train
1	B*44:02	2450.9	1.49	0.0719337019144052	0.0	Q9H9Y2	0.7411336	-0.13874225	train
1	B*44:02	5281.5	1.49	0.125989472395963	0.0	Q9H9Y2	0.7411336	-0.13874225	train
10	B*44:02	2304.7	0.92	0.6116504854368929	0.0	Q96AJ1	-0.65960974	-0.45784527	train
16	B*44:02	637.1	0.62	0.935879193012014	0.0	Q86UP3	0.5175325	-0.7878670999999999	train
1	B*44:02	33.2	1.25	1.4954954954955	0.0	O43422	-0.5089747	-0.79502475	train
1	B*44:02	397.5	0.89	0.0286128361951062	0.0	Q9Y520	-0.9370883	0.17971855	train
1	B*44:02	3444.4	1.41	7.143007490419231	5.89524745824431e-05	P31513	0.35491008	-0.82994103	train
10	B*44:02	424.9	1.02	1.282459961858	0.0	O95450	-0.93798155	0.040863458	train
10	B*44:02	519.3	1.02	0.7591128695290121	0.0	O95450	-0.93798155	0.040863458	train
1	B*44:02	194.0	1.55	0.11164450025099401	0.0	P0CAP2	-0.77504253	-0.26773107	train
10	B*44:02	679.7	1.53	42.0601833161689	1.5734275536184001e-15	Q8IUR5	0.69273543	0.66884845	train
16	B*44:02	349.7	1.24	0.152675795312996	0.0	Q9Y2L5	-0.75492764	-0.39503434	train
16	B*44:02	48.4	1.87	1.31462493206291	0.9999410475254179	Q9Y5G3	-0.9043583000000001	0.09982048	train
1	B*44:02	161.7	0.75	0.0256577814633602	0.0	Q7RTS9	-0.10620635	0.95412016	train
10	B*44:02	75.5	0.66	0.0154875255057556	0.0	Q9UNN5	-0.4948762	-0.43079373	train
16	B*44:02	600.0	0.38	0.776598498576236	0.0	Q9BPX3	-0.5829496999999999	-0.4309977	train
10	B*44:02	32.4	0.93	1.0617759585363	1.20812138761297e-17	Q9BQL6	-0.7194771	-0.35248974	train
1	B*44:02	221.9	1.11	0.812148538073328	0.0	Q14643	-0.62908673	-0.5928669	train
10	B*44:02	343.9	0.97	1.3724212621066898	6.951608075305151e-09	O43147	-0.7333221999999999	0.13301116	train
2	B*57:01	9.9	8.86	0.00854400793240806	0.0	Q15642	-0.7149819000000001	-0.5047195	train
2	B*57:01	22.3	8.75	3.432894526660589	0.0	P33527	-0.71201485	-0.012117852	train
2	B*57:01	10.8	8.75	0.470421881040295	0.0	P33527	-0.71201485	-0.012117852	train
2	B*57:01	6.0	49.34	0.711097399938716	0.5	Q86U86	0.8269564	-0.12840903	train
2	B*57:01	34.4	5.22	0.641420390350046	0.0	Q9Y6A4	-0.65087205	-0.47215644	train
2	B*57:01	13.8	16.06	1.34848322757921	0.0	O60313	-0.7800421999999999	-0.40363455	train
2	B*57:01	21.4	55.36	0.0012329324989927301	0.0	Q9H9S3	-0.8738434000000002	-0.27123162	train
16	C*05:01	49.2	0.25	1.35846152111151	0.0	P42701	-0.82131624	0.017073238	train
16	C*05:01	120.1	0.21	0.2311315966694789	0.0	Q8IUK5	-0.80314255	0.103784375	train
16	C*05:01	415.5	0.24	2.16724802338715	0.0	P05997	-0.9038341999999999	0.082069226	train
16	C*05:01	4348.2	0.25	0.13268317094530901	0.0	Q9UNH6	0.5428321999999999	-0.783197	train
16	C*05:01	74.1	0.21	0.538095481699908	0.00761977109418369	Q8NDX1	-0.6827603	0.14331065	train
16	C*05:01	368.3	0.12	0.315671649717645	0.0	Q14CX7	-0.78126794	-0.20806065	train
16	C*05:01	964.9	0.12	0.6437294724905009	0.0	Q86UP3	0.5175325	-0.7878670999999999	train
12	C*06:02	32.1	0.15	0.52582898361059	0.0	Q0IIM8	0.82802176	0.48876965	train
12	C*06:02	5498.3	0.15	0.9290207526135741	0.0	Q0IIM8	0.82802176	0.48876965	train
12	C*06:02	351.9	0.14	0.11040332757617001	0.0	Q7Z6E9	0.28659979	-0.51343024	train
12	C*06:02	1614.8	0.11	0.00456996313781129	0.0				train
8	A*01:01	32.15	1.65	0.16474594028287098	0.5000000000066721	Q9H6R0	0.27944949999999996	-0.55582106	test
8	A*01:01	334.79	1.31	0.0202176143769702	0.0	Q8NEL9	-0.7729931	-0.5637776	test
9	A*01:01	45.31	4.19	0.350858927641853	6.978296264145359e-09	Q9Y227	-0.82799554	-0.3082437	test
8	A*01:01	648.89	0.54	0.297983165263772	2.04919331109317e-13	Q96N03	-0.87924135	0.08157813	test
8	A*01:01	251.42	0.76	0.0175168647908203	0.0	Q75QN2	-0.7280686	-0.5594085	test
8	A*01:01	119.99	1.26	0.44184962047352	0.0	Q92643	-0.86343247	-0.28213683	test
9	A*01:01	28.56	0.42	0.0137445419505827	0.0	Q05086	-0.8045126	-0.47246206	test
8	A*01:01	175.56	0.34	0.752352409405424	5.3376378421106396e-11	Q15772	0.91890126	0.28018540000000003	test
9	A*01:01	1173.38	1.06	0.14751646708233	5.89524745824429e-05	Q5JY77	0.8281969000000001	0.4847704000000001	test
9	A*01:01	1223.55	0.24	0.637051513329325	6.951608075305151e-09				test
8	A*01:01	2510.32	0.51	0.10147900493001599	6.952222833289929e-09	O15455	-0.7423841	-0.41391888	test
9	A*01:01	126.54	0.76	0.47125	0.0	Q7Z2Z1	0.9159725000000001	-0.28328782	test
9	A*01:01	78.63	0.87	0.16541038525963198	0.00761977109418369	O43166	-0.728308	-0.30038166	test
9	A*01:01	3665.72	0.41	0.482092192048344	0.999999996524196	Q6UXD5	0.63839704	-0.7059306	test
9	A*01:01	415.67	2.61	1.21666910398135	0.0	P49736	-0.2542309	-0.51226044	test
8	A*01:01	1775.69	1.8	0.456067840091214	0.500029476237291	O95935	0.5154608	-0.7898907	test
8	A*01:01	4.5	7.29	0.22471910112359506	2.6688189211265498e-11	Q9H6R0	0.27944949999999996	-0.55582106	test
8	A*01:01	109.0	2.54	0.024246862486898998	0.0	Q9NQC7	-0.704753	-0.5077577	test
8	A*01:01	7372.73	0.21	1.4656887381285602	0.00011789799878610901	Q9BW92	-0.925067	-0.25565118	test
8	A*01:01	472.63	0.38	1.1071626259271599	0.0	Q13591	-0.9511088	-0.06070085	test
8	A*01:01	110.93	1.25	0.620653866113129	0.0	Q8TBZ8	0.9559738999999999	0.06106615	test
8	A*01:01	1805.36	0.49	0.18090999300778401	2.04919331109317e-13	Q6KC79	-0.45879257	-0.591903	test
8	A*01:01	1280.08	0.89	0.0534921922392699	2.04919331109317e-13	Q6KC79	-0.45879257	-0.591903	test
9	A*01:01	684.74	0.22	0.4796971782518929	2.6688189211265498e-11	O95876	0.41093287	0.18720864	test
8	A*01:01	87.26	1.08	4.02932551319648	0.0	Q9NQW1	-0.8115759	-0.3592351	test
8	A*01:01	3076.82	1.65	1.00991780083547	0.00761977109418369	Q8IZF0	0.78852874	-0.53746873	test
8	A*01:01	3756.67	0.32	0.219310633070108	5.89524745824429e-05	Q8NA42	-0.8850030000000001	-0.31877556	test
9	A*01:01	128.8	1.14	0.478210417741104	0.0	Q9Y283	-0.88831913	0.3052455	test
9	A*01:01	829.86	0.59	0.760892872459044	0.0778833623705867	Q8TC29	0.55826765	0.1671611	test
9	A*01:01	1354.63	0.87	0.8366865991447991	2.0854823935966292e-08	P50747	-0.064855136	-0.4598988000000001	test
9	A*01:01	1745.78	0.75	0.6526513427401	0.9999999999866559	Q13003	-0.6453523	-0.60372704	test
9	A*01:01	2625.46	0.25	0.998214529717768	2.0854823935966292e-08	P50747	-0.064855136	-0.4598988000000001	test
8	A*01:01	1718.56	0.48	0.45133331711561003	0.0077358827532504	Q04721	-0.8011666000000001	0.04361422	test
9	A*01:01	233.84	0.39	0.132993642061595	0.500000000868951	O60282	-0.717291	-0.51531017	test
9	A*01:01	585.2	0.84	0.0295703370489201	5.89524745824429e-05	O75061	-0.7718541999999999	-0.36006904	test
8	A*01:01	823.42	0.56	0.8165793428374151	0.0	Q12948	0.37060443	-0.560471	test
9	A*01:01	480.58	0.4	0.735256014805675	2.04919331109317e-13	Q9BYK8	0.8283345999999999	-0.41680026	test
8	A*01:01	38.35	1.02	1.0079575596817	2.6688189211265498e-11	Q9GZV5	0.5495618	-0.61554855	test
9	A*01:01	5744.24	0.23	0.19980321080950605	2.6688189211265498e-11	O95876	0.41093287	0.18720864	test
9	A*01:01	849.87	1.06	0.494093231162197	5.3376378421106396e-11	P55196	-0.7214856	-0.4585325	test
9	A*01:01	61.16	2.16	1.2225551620811799	4.5267995933512706e-07				test
8	A*01:01	65.08	0.9	0.619093539054966	0.0	Q8IZF0	0.78852874	-0.53746873	test
9	A*01:01	17.7	1.58	1.3930635838150305	4.5267995933512706e-07				test
9	A*01:01	5775.52	0.68	0.314375664404285	5.98577542379921e-05	P50416	-0.8545212999999999	-0.26739484	test
9	A*01:01	1336.85	0.98	0.66457819775404	0.9999997736600201	P55196	-0.7214856	-0.4585325	test
9	A*01:01	482.48	0.65	0.137690918666767	3.47580404973379e-09	Q9H7M6	-0.5397878	-0.7881511	test
9	A*01:01	26.21	0.71	1.03877221324717	0.0	Q6PGP7	-0.110232525	-0.44737570000000004	test
9	A*01:01	27.67	1.43	1.6009463722397501	0.0	Q9BPX1	0.8318025	0.48474038	test
4	A*02:01	56.64	3.11	0.00289380516056634	4.5267995933512706e-07	P11802	-0.3655785	-0.5675252	test
4	A*02:01	11.29	16.46	1.26441231939729	0.0	O14686	-0.007815286999999999	-0.35437274	test
4	A*02:01	19.58	3.56	1.28914358504891	0.0	P51674	-0.6722835	-0.55002	test
4	A*02:01	95.61	1.17	0.13665624015140698	0.9961755437121721	P51826	-0.007665848	-0.5068815	test
4	A*02:01	822.4	0.41	0.0994877898450617	0.0	P49184	-0.87997895	-0.026788581000000002	test
4	A*02:01	177.59	1.22	0.0719319124817201	0.0	Q12840	-0.7168463	-0.5108654	test
4	A*02:01	78.75	0.92	0.122589060330025	0.0	Q12840	-0.7168463	-0.5108654	test
4	A*02:01	49.48	0.97	0.989858665265114	0.0	Q6STE5	-0.32066017	-0.5203419	test
4	A*02:01	49.54	4.85	0.62043522865165	0.0	Q8IUZ5	-0.9251729999999999	-0.25574276	test
4	A*02:01	839.05	1.0	0.0729001124774625	4.5267995933512706e-07	P11802	-0.3655785	-0.5675252	test
4	A*02:01	156.32	1.87	0.152536013934708	0.0	Q9P2E2	-0.6821664000000001	-0.5661470999999999	test
4	A*02:01	3.32	40.39	0.812679278555885	0.0	Q6STE5	-0.32066017	-0.5203419	test
4	A*02:01	14.23	2.52	0.0021289450083369	3.47580404973379e-09	O14525	-0.7619914000000001	-0.11128813	test
4	A*02:01	509.4	1.1	0.0983055035977744	0.0	A2RUS2	0.8295824	0.48454624	test
4	A*02:01	182.99	1.63	0.8283177163713409	0.0	Q8TDW7	0.8001895	-0.5201244	test
4	A*02:01	31.78	1.67	0.135284314845038	1.5734275536184001e-15	Q8TB36	-0.14050639	-0.49166042	test
4	A*02:01	58.23	3.37	0.43372582291805795	1.20812138761297e-17	P51674	-0.6722835	-0.55002	test
4	A*02:01	18.18	4.8	0.378310887245611	0.0	Q9NVN8	-0.12246063	-0.46211523	test
4	A*02:01	115.72	0.84	0.373072861059689	0.0	Q8TDW7	0.8001895	-0.5201244	test
4	A*02:01	623.09	1.49	0.59714032124604	0.0	P18206	-0.6094661	-0.6204288	test
4	A*02:01	195.03	0.95	0.269713702194724	0.0	Q2KJY2	0.7640333	0.2264692	test
4	A*02:01	326.24	1.27	0.36468083403665297	0.0	Q12840	-0.7168463	-0.5108654	test
4	A*02:01	11.25	2.1	0.028999480128439	0.0	Q9Y574	-0.71136695	-0.22202155	test
4	A*02:01	70.75	1.35	0.0570121441128297	0.0	Q8N0W4	-0.66414255	-0.56498194	test
4	A*02:01	369.8	4.74	0.0592974516869192	0.0	Q8N0W4	-0.66414255	-0.56498194	test
4	A*02:01	166.57	3.67	0.11119430922693	0.0	Q86Y34	-0.8162604	0.27615193	test
4	A*02:01	138.74	2.13	0.6830271544273699	0.0	Q86Y34	-0.8162604	0.27615193	test
4	A*02:01	144.81	1.44	1.30230657642343	0.0	Q9Y5E3	-0.86936265	0.31524932	test
4	A*02:01	13.55	4.2	1.8882768908933896	0.0	Q13023	-0.70813096	-0.5215913	test
4	A*02:01	244.89	0.8	1.3915505142301101	0.0	Q13023	-0.70813096	-0.5215913	test
4	A*02:01	33.07	3.76	0.0487425899553497	0.0	Q70CQ4	0.9289245999999999	0.26435882	test
8	A*23:01	2026.43	1.5	0.304562526081513	0.999941047552103	Q14032	-0.870417	-0.29321057	test
8	A*23:01	1101.46	2.38	0.8987252124645891	0.00761977109418369				test
8	A*23:01	200.28	0.61	0.0537501259881067	1.0675275683651499e-10	O00444	-0.5933059	-0.54982036	test
8	A*23:01	7769.45	1.27	0.951491104569308	4.5268016425427295e-07	P24530	-0.8145538	0.15471224	test
8	A*23:01	982.42	1.54	0.0380253593485271	0.0	P01031	-0.8865625	0.01794409	test
8	A*23:01	391.69	0.6	1.4476190476190502	1.20812138761297e-17	Q68CR1	-0.95880306	0.06253005	test
8	A*23:01	672.85	0.79	0.0192509843193113	4.5267995933512706e-07	Q9NQ29	0.6373909000000001	-0.63284564	test
8	A*23:01	4323.99	1.01	0.191138250892725	4.5267995933512706e-07	Q9NQ29	0.6373909000000001	-0.63284564	test
8	A*23:01	929.4	0.35	0.919182677645624	0.00761977109418369				test
8	A*23:01	850.55	0.82	0.0748820373602224	5.89524745824429e-05	O15033	-0.7732697	-0.5641045	test
8	A*23:01	458.41	0.8	0.0057613963715702895	0.0	Q9NR09	-0.6864898	-0.49158716	test
8	A*23:01	1305.83	0.32	0.06294835007173599	0.9923802357518828	Q02083	-0.7856418000000001	-0.28724527	test
8	A*23:01	320.4	1.57	0.194082840236686	0.9923802357518828	Q02083	-0.7856418000000001	-0.28724527	test
8	A*23:01	100.33	7.42	2.28621291448517	0.0	O94823	-0.8750509	-0.25503245	test
8	A*23:01	681.81	15.52	2.61270333075136	0.0	O94823	-0.8750509	-0.25503245	test
8	A*23:01	15.09	7.46	0.00152498601457549	0.9999997736599701	Q8TEC5	0.9158364	-0.28286043	test
8	A*23:01	70.89	17.73	0.452406041447137	0.5	O00444	-0.5933059	-0.54982036	test
8	A*23:01	94.36	1.32	0.0365205802781073	0.0	P25940	-0.90332323	0.085747935	test
8	A*23:01	14300.18	0.81	0.308140200832347	0.00761977109418369	Q7Z478	0.68773514	-0.14021489999999998	test
8	A*23:01	2459.82	0.41	0.22246659176209	0.9999410475254179	O60343	-0.731862	0.13575481	test
8	A*23:01	472.6	2.26	0.29287739192062395	4.5267995933512706e-07	Q6UWP7	-0.8789844000000001	-0.26910558	test
8	A*23:01	81.12	3.76	0.00290416551362964	0.0	Q9NR09	-0.6864898	-0.49158716	test
8	A*23:01	2713.19	0.44	0.636537674516629	4.5267995933512706e-07	P51805	-0.82748383	-0.006165601999999999	test
8	A*23:01	259.67	1.94	2.3220592321262203	0.9999995473200408	Q14139	0.67187995	-0.4093045	test
8	A*23:01	618.59	0.83	0.0072649984307852	4.5267995933512706e-07	O60303	-0.87551045	-0.13420504	test
8	A*23:01	147.37	0.78	0.0400058402686524	0.0	Q5T011	-0.87545097	-0.23818383	test
8	A*23:01	586.12	0.95	0.30551208485480796	4.5267995933512706e-07	Q6UWP7	-0.8789844000000001	-0.26910558	test
8	A*23:01	3562.57	2.98	0.2480795057749129	5.8955977071523e-05	O15455	-0.7423841	-0.41391888	test
8	A*23:01	6.66	13.79	1.3026315789473701	6.951608075305151e-09	Q9H8P0	-0.8467179	0.45986113	test
8	A*23:01	486.14	1.87	0.8349236641221371	0.0	Q9HCK4	-0.8084591999999999	0.05691088	test
8	A*23:01	116.43	0.27	1.00732600732601	1.20812138761297e-17	Q68CR1	-0.95880306	0.06253005	test
8	A*23:01	874.33	1.18	0.0939769720497423	0.00761977109418369	Q07912	-0.69855493	-0.5365809	test
8	A*23:01	3100.11	1.7	0.0654327178155152	0.0151242984958687	Q07912	-0.69855493	-0.5365809	test
8	A*23:01	521.49	2.4	0.103219599901193	0.00761977109418369	P07900	-0.66503555	-0.5457241999999999	test
8	A*23:01	109.42	6.08	1.9284332688588	3.47580404973379e-09	Q8IWI9	0.39165226	-0.57149804	test
8	A*23:01	419.07	1.04	0.0666733904941936	0.0	Q96F25	-0.87572527	-0.26961914	test
8	A*23:01	134.17	5.81	0.0205040195104327	0.0	Q6PFW1	0.9463173	-0.1757516	test
8	A*23:01	259.1	3.3	1.12618025751073	0.0	P23467	-0.8162309	0.12748626	test
8	A*23:01	131.34	3.12	0.15245026686074695	0.9923802357518828	Q02083	-0.7856418000000001	-0.28724527	test
8	A*23:01	340.41	0.64	0.11711515415622599	0.999999996524196	Q8TCD5	-0.7227276999999999	-0.5862274000000001	test
8	A*23:01	4315.76	0.75	0.16442219425175306	0.999999996524196	Q8TCD5	-0.7227276999999999	-0.5862274000000001	test
8	A*23:01	1363.47	0.71	0.34505217452202497	3.47600896906347e-09	Q6KC79	-0.45879257	-0.591903	test
8	A*23:01	725.85	0.99	0.108218909376226	0.00761977109418369	Q8IZF0	0.78852874	-0.53746873	test
8	A*23:01	54.71	1.44	1.9859649122807	6.951608075305151e-09	Q9H8P0	-0.8467179	0.45986113	test
8	A*23:01	999.4	1.72	2.34626038781163	0.999999773660021	Q15800	-0.8763411	-0.24489872	test
8	A*23:01	299.65	2.6	1.1180476730987499	0.999999773660021	Q15800	-0.8763411	-0.24489872	test
8	A*23:01	1464.78	0.33	0.0552418855744604	1.0	Q9H6R0	0.27944949999999996	-0.55582106	test
8	A*23:01	24.65	1.39	0.296903460837887	0.0297979243153364	Q9UIF9	-0.32402095	-0.47695258	test
8	A*23:01	260.07	5.36	0.0271726925668089	0.0	O15455	-0.7423841	-0.41391888	test
8	A*23:01	6817.45	4.54	0.761597821152973	0.999999999973312	Q08357	-0.8118727	0.1424465	test
8	A*23:01	7113.2	1.91	0.21548791081511492	0.00761977109418369	Q9NQC7	-0.704753	-0.5077577	test
8	A*23:01	6923.75	0.95	0.0711917545823012	1.5734275536184001e-15	Q8NEL9	-0.7729931	-0.5637776	test
8	A*23:01	89.34	2.74	1.9568493150684896	0.0	O94823	-0.8750509	-0.25503245	test
8	A*23:01	8.2	0.44	1.27884615384615	6.951608075305151e-09	Q9H8P0	-0.8467179	0.45986113	test
8	A*23:01	957.79	0.35	0.7724037652100709	4.5267995933512706e-07	Q96RT1	-0.7256543000000001	-0.44439579999999995	test
8	A*23:01	5327.03	0.45	0.898604386214754	4.5267995933512706e-07	Q96RT1	-0.7256543000000001	-0.44439579999999995	test
8	A*23:01	281.47	1.19	0.181245731249803	0.0	Q96F05	0.5649767	0.6658065	test
8	A*23:01	35.65	4.61	0.970286654565706	0.0	Q96F05	0.5649767	0.6658065	test
8	A*23:01	166.14	1.61	0.100407190386334	0.0	Q3ZCX4	0.9091773999999999	0.23975295	test
8	A*23:01	1861.38	0.55	1.58262881552016	0.999999999973312	Q9UQC2	0.94388396	-0.17699564	test
8	A*23:01	785.88	0.55	0.0989857331321732	4.0983866221855107e-13	P40692	-0.64139086	-0.49004906	test
8	A*23:01	524.65	1.97	0.8547619047619051	0.0	Q13370	-0.8580167	-0.2968009	test
8	A*23:01	202.9	1.06	0.00715244620625894	0.9999997736599701	Q8TEC5	0.9158364	-0.28286043	test
8	A*23:01	6551.97	3.3	1.4341518832473998	0.00761977109418369				test
8	A*23:01	197.03	1.64	0.947462683446891	0.0	Q76LX8	-0.89367115	0.065683484	test
8	A*23:01	305.66	3.92	0.008485849049341479	0.0	P40692	-0.64139086	-0.49004906	test
8	A*23:01	270.58	0.66	1.4584755403868002	0.0	Q9C0C7	-0.76803505	-0.400496	test
8	A*23:01	264.31	1.0	0.922743055555555	0.999999996524196	Q8TCD5	-0.7227276999999999	-0.5862274000000001	test
8	A*23:01	670.03	0.46	0.0377503777223947	3.47580404973379e-09	P16870	-0.7919045	-0.03937942	test
8	A*23:01	242.81	1.5	0.107101616628176	0.0	Q9Y4F9	-0.7380445	-0.40246668	test
8	A*23:01	152.43	2.18	0.9491379310344829	0.0	Q13451	0.6322012	-0.3304037	test
8	A*23:01	5916.82	1.33	0.3822329701066369	3.4760089811446896e-09	Q6KC79	-0.45879257	-0.591903	test
8	A*23:01	1217.06	0.61	0.15480054345775002	4.0983866221855107e-13	Q8IZF0	0.78852874	-0.53746873	test
8	A*23:01	729.31	1.39	1.55778260106325	0.0	Q96F25	-0.87572527	-0.26961914	test
8	A*23:01	1689.29	0.64	0.286259279986932	4.5267995933512706e-07	Q5VST9	-0.75037277	-0.37489787	test
8	A*23:01	10423.73	4.95	0.0551297749157257	0.00761977109418369	Q75QN2	-0.7280686	-0.5594085	test
8	A*23:01	15.93	13.87	1.31	4.5267995933512706e-07	Q9H1I8	0.21750921	-0.61249673	test
8	A*23:01	100.42	1.08	0.8370522265624191	0.0	Q96F05	0.5649767	0.6658065	test
8	A*23:01	213.65	0.56	0.0410379543183092	3.47580404973379e-09	P11473	0.537241	-0.62761384	test
8	A*23:01	1272.7	1.82	0.5726270373921379	0.00761977109418369				test
8	A*23:01	584.77	2.85	0.0200928864840759	5.89524745824429e-05	Q8NA42	-0.8850030000000001	-0.31877556	test
8	A*23:01	357.48	0.46	0.833355962281926	0.0	Q96F05	0.5649767	0.6658065	test
8	A*23:01	908.04	0.16	0.457649724982885	0.0225725047461979	Q9UIF9	-0.32402095	-0.47695258	test
8	A*23:01	478.94	2.22	0.14669679776901598	6.952222833289929e-09	O15455	-0.7423841	-0.41391888	test
8	A*23:01	460.97	0.71	0.00928016419879783	0.9999997736599701	Q8TEC5	0.9158364	-0.28286043	test
8	A*23:01	159.31	1.48	0.24077316338679197	0.5	O00444	-0.5933059	-0.54982036	test
9	A*26:01	22.04	0.82	2.29661016949153	9.05359508832148e-07	A0AUZ9	0.8587505	-0.38497463	test
9	A*26:01	126.92	0.64	0.0129592256282328	5.89524745840161e-05	Q5VUA4	0.59725773	-0.7166409	test
9	A*26:01	799.4	0.55	0.840204101581545	5.89524745840161e-05	Q5VUA4	0.59725773	-0.7166409	test
9	A*26:01	11645.79	0.41	0.280619972400794	1.65327534423024e-23	Q9NTN3	0.8170255	0.43549243	test
9	A*26:01	378.41	0.46	0.625521267723103	0.0	Q9Y227	-0.82799554	-0.3082437	test
9	A*26:01	103.39	1.04	1.31556503198294	0.0	A6NGE4	-0.824535	0.5020958	test
9	A*26:01	4.22	1.81	0.262948207171315	0.0	Q9NUU6	0.9314794	-0.17131624	test
9	A*26:01	2.91	4.28	0.361702127659574	0.0	Q9H7Z3	0.47639259999999994	-0.47135550000000004	test
9	A*26:01	605.16	0.56	0.158175320971703	3.47580404973379e-09	Q8N680	0.9246612	0.23786417	test
9	A*26:01	351.9	0.72	0.125139423595869	3.47580404973379e-09	Q8N680	0.9246612	0.23786417	test
9	A*26:01	75.81	1.78	1.9247572815533998	0.0	Q5BKT4	0.43105102	-0.82079774	test
9	A*26:01	1161.69	0.58	0.168419623533546	0.9961901144529078	P51587	-0.19274893	-0.51315236	test
9	A*26:01	4301.4	0.43	0.7078941483414091	4.5267995933512706e-07				test
9	A*26:01	68.88	0.68	0.0349849734145026	0.0	Q9BQF6	0.8480815	0.39697906	test
9	A*26:01	2563.76	0.24	0.7553176794108001	5.89524745840161e-05	Q5VUA4	0.59725773	-0.7166409	test
9	A*26:01	344.74	0.38	1.59168704156479	4.5267995933512706e-07				test
9	A*26:01	1375.41	1.16	0.0833254878754052	3.47580404973379e-09	Q9H7M6	-0.5397878	-0.7881511	test
9	A*26:01	145.7	0.75	0.965265624074981	0.0	P13667	-0.8397040000000001	0.059325024000000004	test
9	A*26:01	157.47	1.13	0.705796672092623	0.0	Q15003	-0.556967	-0.32592428	test
9	A*26:01	830.36	0.52	1.90363815142576	0.000176836627199155				test
9	A*26:01	3794.08	0.44	2.19445924347363	0.9923802289058159	Q9H0H3	0.32917820000000003	-0.6318304	test
9	A*26:01	1554.24	0.31	1.01721032064961	0.9923802289058159	Q9H0H3	0.32917820000000003	-0.6318304	test
9	B*08:01	492.87	0.27	0.0267181252666356	0.0				test
9	B*08:01	4237.06	0.2	0.4884595727282021	0.9923802289058159	Q9H0H3	0.32917820000000003	-0.6318304	test
9	B*08:01	205.42	0.2	0.621021664275669	0.0	Q6TDP4	-0.7241293000000001	-0.36995134	test
9	B*08:01	966.53	0.21	0.33632561012453305	0.000118803144829047	Q8NC56	-0.83741635	-0.29459578	test
9	B*08:01	99.55	0.24	0.0607257980659249	0.0	Q9Y6V0	-0.7256725	-0.45302078	test
9	B*08:01	29.16	0.24	0.0675256243684134	0.0	Q13322	-0.62195706	0.34683909999999996	test
9	B*08:01	407.78	0.22	1.48964374482187	0.0	Q9NUU6	0.9314794	-0.17131624	test
9	B*08:01	5343.08	0.28	26.732371794871803	0.00761977794025605	O95278	-0.72300994	-0.10648828	test
9	B*08:01	24.19	0.24	0.515981735159817	0.0	Q5BKT4	0.43105102	-0.82079774	test
9	B*08:01	443.04	0.2	0.0401178135638603	0.0	O00519	-0.5000175	0.7979615	test
9	B*08:01	401.5	0.24	4.36151855047455	0.0	Q7Z2Z1	0.9159725000000001	-0.28328782	test
9	B*08:01	6178.59	0.25	0.5124356453477029	3.47580404973379e-09	Q8N680	0.9246612	0.23786417	test
9	B*08:01	51.5	0.33	1.18168168168168	2.6688189211265498e-11	Q15370	-0.7039297	-0.41323444	test
9	B*08:01	3956.32	0.29	0.450328739980186	5.8962900765112404e-05	Q99728	-0.25604832	-0.554339	test
9	B*08:01	497.08	0.23	0.9945325314379441	0.0	Q8TBY8	0.6746178	-0.5196179	test
9	B*08:01	437.22	0.26	0.33259423503325897	1.20812138761297e-17	Q92838	-0.7750264	-0.26553607	test
9	B*08:01	1858.64	0.19	0.0541414192632406	4.5267995933512706e-07	Q6UB98	0.59591174	-0.71626085	test
9	B*08:01	193.77	0.38	0.2447242695247981	0.0	P54577	-0.7352871999999999	-0.5158662	test
9	B*08:01	32.88	0.41	1.10967741935484	0.0	Q8N612	-0.77661633	0.4631501	test
9	B*08:01	234.03	0.25	1.1704730831973895	0.0	Q8N612	-0.77661633	0.4631501	test
9	B*08:01	413.61	0.17	0.0140238346878531	4.5267995933512706e-07	Q6UB98	0.59591174	-0.71626085	test
9	B*08:01	405.96	0.28	0.238938432515863	5.3376378421106396e-11	P55196	-0.7214856	-0.4585325	test
9	B*08:01	165.57	0.32	1.23590368790003	5.89524745824429e-05	Q5HY92	-0.018076573000000002	-0.32780570000000003	test
9	B*08:01	1028.03	0.28	0.0865910920918113	0.9923802289058159	Q9H0H3	0.32917820000000003	-0.6318304	test
9	B*08:01	815.26	0.26	0.168299748110831	0.0	Q8TBY8	0.6746178	-0.5196179	test
9	B*08:01	157.6	0.38	0.0613466387593719	0.000118803144829047	Q8NC56	-0.83741635	-0.29459578	test
9	B*08:01	19.39	0.24	0.16386217948717902	0.9923802289058159	Q96Q91	-0.77305365	0.14421627	test
9	B*08:01	167.81	0.32	0.0297408982595843	0.0	Q9Y618	0.42192405	-0.60209537	test
9	B*08:01	2458.6	0.15	0.8391047010000681	3.47580404973379e-09	Q8TB24	-0.83727765	-0.1729404	test
9	B*08:01	101.07	0.25	0.0168018625895333	0.0	Q92838	-0.7750264	-0.26553607	test
9	B*08:01	130.14	0.31	1.4911299283347401	0.0	Q96A54	-0.6848241999999999	0.16013509	test
9	B*08:01	1177.42	0.24	1.9520328917313798	0.0	Q6V0I7	-0.76528645	0.15271194	test
9	B*08:01	1497.69	0.32	5.67196594554655	0.999999996524196	P54577	-0.7352871999999999	-0.5158662	test
9	B*08:01	627.05	0.18	0.28623884444228304	0.00762066273548502	P50416	-0.8545212999999999	-0.26739484	test
9	B*08:01	129.02	0.25	2.22992700729927	0.0	Q8NCN5	-0.45179358	0.8416386999999999	test
9	B*08:01	761.25	0.21	0.7273125182375259	1.20812138761297e-17	O75061	-0.7718541999999999	-0.36006904	test
9	B*08:01	127.8	0.39	0.653230586840545	0.0	Q9UL01	-0.87655276	-0.27255523	test
9	B*08:01	4620.5	0.27	0.189011693096268	0.9999415001259352	Q13002	-0.64814174	-0.59666854	test
9	B*08:01	121.46	0.2	0.0576482914810546	0.0	Q6TDP4	-0.7241293000000001	-0.36995134	test
9	B*08:01	367.01	0.26	0.19399387139035199	2.66881892112709e-11	Q6TDP4	-0.7241293000000001	-0.36995134	test
9	B*08:01	6126.07	0.27	1.13824035389531	3.1468551072368002e-15	Q14686	0.36426628	-0.5632618	test
9	B*08:01	149.0	0.22	0.3835765628403401	3.47580404973379e-09				test
9	B*08:01	152.09	0.31	0.102390522530146	2.6688189211265498e-11	Q9UL01	-0.87655276	-0.27255523	test
9	B*08:01	2690.66	0.24	5.51069944474427	0.5	P98198	-0.85938215	-0.22035386	test
9	B*08:01	3958.93	0.19	1.67904734902183	1.20812138761297e-17	O75061	-0.7718541999999999	-0.36006904	test
9	B*08:01	1071.91	0.2	0.45066363021741396	9.276291646547939e-20	P42338	-0.44634145	-0.42873890000000003	test
9	B*08:01	892.2	0.29	0.540812122584918	0.999999998262098	Q6IPT4	-0.811458	0.44993743	test
9	B*08:01	226.54	0.36	0.588294915022116	1.5734275536184001e-15	Q8NC56	-0.83741635	-0.29459578	test
9	B*08:01	4002.48	0.29	5.88195232690125	2.6688189211265498e-11	P40818	-0.7308018000000001	-0.494068	test
9	B*08:01	2558.47	0.79	1.0494205708617	0.999999999973312	A4D0V7	0.72453535	-0.60698473	test
9	B*08:01	5171.82	0.4	1.7362386723961398	0.999999996524196	P54577	-0.7352871999999999	-0.5158662	test
9	B*08:01	602.37	0.24	0.152769275809757	0.9923802289058159	Q9H0H3	0.32917820000000003	-0.6318304	test
4	B*15:01	455.56	1.97	0.168909025919174	4.5267995933512706e-07	P11802	-0.3655785	-0.5675252	test
4	B*15:01	61.46	2.49	0.36591607175057	0.0	Q9Y5H4	0.9314966999999998	0.12006543	test
4	B*15:01	99.57	2.66	0.540611486816492	0.0	Q8NCM2	0.47324312	0.61929905	test
4	B*15:01	27.4	10.07	0.657143936154485	0.0	Q9H9S5	-0.84654	-0.26964299999999997	test
4	B*15:01	462.99	7.19	0.644483142322968	0.0	A4FU01	-0.9441458	0.17759798	test
4	B*15:01	2516.73	2.94	0.36215407000331395	0.999999999973312	Q8NI27	-0.46261364	-0.49676654	test
4	B*15:01	45.13	0.81	3.13285457809695	0.0	P49184	-0.87997895	-0.026788581000000002	test
4	B*15:01	90.0	0.73	0.9167793414921872	0.0	Q6STE5	-0.32066017	-0.5203419	test
4	B*15:01	228.02	5.86	0.38419157802527504	0.5	Q9NPH5	-0.76723814	-0.4037725	test
4	B*15:01	5204.6	0.92	0.0499115792355151	5.89524745824429e-05				test
4	B*15:01	110.13	1.21	0.497970895706724	0.0	Q15884	0.18579654	0.8913136999999999	test
4	B*15:01	20.11	12.43	3.4298607657881655	0.0	O15067	0.50049263	-0.81581247	test
4	B*15:01	87.6	1.77	10.139574200913245	3.47580404973379e-09	O15067	0.50049263	-0.81581247	test
4	B*15:01	953.72	8.14	1.7544724590239298	3.1468551072368002e-15	P41182	-0.48202938	-0.81520826	test
4	B*15:01	456.69	8.84	0.9011385726187172	1.5734275536184001e-15	P16219	-0.022996988	-0.53032666	test
4	B*15:01	209.0	3.09	0.40007130616368897	0.0	A4FU01	-0.9441458	0.17759798	test
4	B*15:01	18.65	8.93	0.9899474850874721	0.0	Q96EY4	0.6979149	0.6503065	test
4	B*15:01	74.75	5.18	0.0402219140083218	0.0	Q9UMR2	-0.42405770000000004	-0.42611158	test
4	B*15:01	4399.83	1.88	0.20199615990077	3.47580404973379e-09	Q8TDF6	-0.75725186	0.41442138	test
4	B*15:01	84.42	3.92	1.23972645829107	0.0	Q8NCM2	0.47324312	0.61929905	test
4	B*15:01	1479.27	1.8	1.21726212125317	0.5	Q8IVF4	-0.6470486	-0.35865518	test
4	B*15:01	600.07	0.73	0.0783399817313948	0.0	P40123	-0.84355617	-0.08490347	test
4	B*15:01	96.86	0.92	0.007324569022630021	0.0	P25391	-0.8984138	0.08583968	test
4	B*15:01	232.79	1.47	0.928491109662186	0.992380232328851	Q96KR4	-0.68642557	-0.19423689	test
4	B*15:01	2097.73	4.67	0.0525956401577775	0.00761977109418369	Q86Y34	-0.8162604	0.27615193	test
4	B*15:01	7.07	9.74	0.8382517542979241	0.0	P51674	-0.6722835	-0.55002	test
4	B*15:01	91.5	2.88	0.42922613272147103	0.0	Q8NCM2	0.47324312	0.61929905	test
4	B*15:01	49.28	0.99	101.91608766233766	3.47580404973379e-09	O15067	0.50049263	-0.81581247	test
4	B*15:01	20.52	1.16	0.00380445677229346	0.0	P78423	-0.6970405	-0.00043142083	test
4	B*15:01	104.21	2.46	0.913385826771654	0.0	P16219	-0.022996988	-0.53032666	test
4	B*15:01	30.2	8.35	1.21754871122419	0.0	Q8NCM2	0.47324312	0.61929905	test
4	B*15:01	99.57	1.65	0.404195296203126	0.0	Q70CQ4	0.9289245999999999	0.26435882	test
4	B*15:01	34.12	2.48	1.56556200550383	0.0	Q8IVF4	-0.6470486	-0.35865518	test
4	B*15:01	580.59	4.63	0.0158319661920889	0.0	Q70CQ4	0.9289245999999999	0.26435882	test
4	B*15:01	100.85	4.74	0.0247341675756255	0.0	P40123	-0.84355617	-0.08490347	test
4	B*15:01	267.25	0.88	0.527563303155179	0.0	Q2KJY2	0.7640333	0.2264692	test
4	B*15:01	23.09	5.02	0.0392060069487602	0.0	Q8NCF5	0.11503352	-0.9270586	test
4	B*15:01	95.59	4.93	0.00553785045639935	0.0	P78423	-0.6970405	-0.00043142083	test
4	B*15:01	168.45	1.11	0.0167406143124667	4.5267995933512706e-07				test
4	B*15:01	24.93	1.2	0.438823405526091	0.0	Q8NCF5	0.11503352	-0.9270586	test
4	B*15:01	142.03	2.52	0.835268538223288	0.00761977109418369	P19447	-0.5141742	-0.54683465	test
4	B*15:01	24.03	0.79	3.699771437228	0.0	Q9Y5Y9	-0.7099151	-0.28094006	test
4	B*15:01	166.18	6.04	1.07883963040895	0.0	P51674	-0.6722835	-0.55002	test
4	B*15:01	107.49	21.4	1.0362840058371199	0.0	Q8NCM2	0.47324312	0.61929905	test
4	B*15:01	10.33	1.46	0.623297884711575	0.0	A4FU01	-0.9441458	0.17759798	test
9	B*44:02	469.02	1.08	0.373652624832488	0.0	Q14571	-0.7001985	-0.45679352	test
9	B*44:02	16.91	0.89	0.8595056432449879	0.0				test
9	B*44:02	910.49	0.51	1.2431302801244999	5.89524745824429e-05	Q5JY77	0.8281969000000001	0.4847704000000001	test
9	B*44:02	204.33	0.74	1.32993401319736	5.89524745824429e-05	Q5JY77	0.8281969000000001	0.4847704000000001	test
9	B*44:02	44.59	0.56	1.16632653061224	0.0	P08183	-0.74469703	-0.034876127	test
9	B*44:02	294.13	0.59	0.48554522400676203	0.0	Q9H7Z3	0.47639259999999994	-0.47135550000000004	test
9	B*44:02	25.3	0.54	0.00128978016413647	1.0	Q9UBJ2	-0.85591537	-0.28287616	test
9	B*44:02	27.96	0.65	0.3923647932131501	0.0				test
9	B*44:02	1251.85	0.95	0.930362860192102	0.998905504268924	A6NGE4	-0.824535	0.5020958	test
9	B*44:02	1016.18	0.5	0.0775401737739606	0.00767782860895672	O00257	0.19988845	-0.51726544	test
9	B*44:02	411.47	1.22	1.34187223276407	0.0	Q6N021	0.91681707	0.25970668	test
9	B*44:02	686.86	0.93	1.79828042328042	0.0				test
9	B*44:02	58.09	1.43	1.79144385026738	1.855258329309589e-19	Q6ZV73	-0.6996595999999999	-0.35374340000000004	test
9	B*44:02	9891.06	0.72	0.826453172537873	0.9923802289320992	P49454	-0.6224810000000001	-0.5820718	test
9	B*44:02	1064.58	0.29	1.06248921061744	0.0				test
9	B*44:02	7282.03	0.49	0.126607870725569	0.9999999965506808	Q14767	-0.8964341	0.06304059999999999	test
9	B*44:02	316.42	1.76	1.4512820512820501	2.04919331109317e-13	Q9BYK8	0.8283345999999999	-0.41680026	test
9	B*44:02	5.73	1.11	0.788732394366197	0.0	Q9NX65	0.93240666	0.25329718	test
9	B*44:02	436.45	0.78	0.805174234424498	1.0	Q9UBJ2	-0.85591537	-0.28287616	test
9	B*44:02	235.73	0.68	0.399860554296671	0.00779392326155102	O00257	0.19988845	-0.51726544	test
9	B*44:02	1425.98	0.47	0.0620954917908256	0.999999996524196	Q9NVR5	-0.773257	-0.5641276999999999	test
9	B*44:02	180.66	0.55	0.827843137254902	0.5	Q9BQF6	0.8480815	0.39697906	test
9	B*44:02	286.83	1.4	0.618111959058522	0.0	Q08379	-0.68337077	-0.5602111999999999	test
9	B*44:02	3063.66	0.95	0.0169949824952003	0.999941047525419	Q9UJT0	-0.82467645	0.46700725	test
9	B*44:02	22.19	1.38	0.0038606464540860796	3.47580404973379e-09				test
9	B*44:02	1540.81	0.73	0.7456433073785691	0.00761977109418369	Q5SY80	0.5091273000000001	-0.68037444	test
