# GO	NS	enrichment	name	ratio_in_study	ratio_in_pop	p_uncorrected	depth	study_count	p_fdr_bh	study_items	tissue	category
GO:0000785	CC	p	chromatin	2/284	978/19370	9.555361972448588e-05	2	2	0.0036414238125439947	60, 5347	JThom (9004)	
GO:0016607	CC	p	nuclear speck	0/349	411/19370	0.001034575898257551	3	0	0.022670144370568586		OLL (9100)	
GO:0000785	CC	p	chromatin	6/349	978/19370	0.001873277326598252	2	6	0.03818436225031088	60, 3009, 5901, 6772, 11315, 60468	OLL (9100)	
GO:0000785	CC	p	chromatin	6/410	978/19370	0.000218076410319182	2	6	0.006479456733720781	60, 1019, 4673, 5901, 11315, 23558	721	
GO:0005634	CC	p	nucleus	84/410	5336/19370	0.0009682369866386113	5	84	0.02325095119969158	60, 102, 226, 293, 302, 396, 427, 506, 811, 972, 1019, 1072, 1499, 1642, 1938, 2023, 2171, 2597, 3059, 3094, 3312, 3716, 3728, 3839, 3939, 4627, 4673, 4733, 4738, 4739, 4831, 4851, 4853, 5093, 5094, 5216, 5366, 5479, 5518, 5686, 5688, 5690, 5691, 5702, 5901, 6122, 6129, 6133, 6156, 6188, 6230, 6386, 6451, 6727, 7128, 7311, 7322, 7323, 7415, 7852, 8836, 8924, 9402, 9525, 9805, 9961, 10382, 10537, 10549, 11315, 23170, 23473, 23521, 23558, 25930, 27183, 51637, 55914, 56829, 57048, 63893, 79077, 80349, 91754	721	
GO:0000785	CC	p	chromatin	14/970	978/19370	2.50433474539567e-06	2	14	9.146039184747102e-05	824, 2241, 4673, 4734, 4791, 5241, 5347, 5901, 5970, 5976, 6720, 6772, 23558, 390874	A375 Melanoma cells	A375 Melanoma cells
GO:0016607	CC	p	nuclear speck	6/970	411/19370	0.00021508944891876567	3	6	0.0041869271703033365	988, 4137, 10432, 51322, 139135, 170506	A375 Melanoma cells	A375 Melanoma cells
GO:0000785	CC	p	chromatin	19/947	978/19370	4.10923118577134e-06	2	19	0.00014406964537314317	824, 3150, 3151, 3183, 4092, 4286, 4609, 4676, 5901, 6667, 7024, 7112, 8289, 9324, 10265, 10419, 10473, 22809, 27022	Abelin2019 Lung (N)	Lung (N)
GO:0016021	CC	p	integral component of membrane	47/386	3500/19370	0.0020459700795844023	3	47	0.04321187409049949	334, 919, 943, 972, 1186, 1337, 1362, 1380, 2734, 3112, 3930, 4063, 4121, 5788, 6263, 6272, 6376, 6480, 7048, 7133, 7305, 8795, 8797, 9902, 10550, 10653, 11342, 23385, 23646, 26001, 26020, 26092, 50651, 53827, 54733, 64131, 80739, 84243, 114836, 116254, 122618, 126364, 158584, 219972, 342865, 375056, 388325	PBMC	PBMC
GO:0045095	CC	p	keratin filament	4/4388	95/19370	1.5430903777844783e-06	7	4	9.531590795285852e-05	1452, 23581, 83481, 286077	MAPTAC_class_II	MAPTAC_class_II
GO:0000785	CC	p	chromatin	174/4388	978/19370	0.0001640527001014507	2	174	0.0025007337676334184	60, 86, 367, 405, 824, 1019, 1045, 1104, 1108, 1388, 1459, 1676, 1857, 1879, 2019, 2034, 2077, 2113, 2118, 2119, 2120, 2146, 2186, 2241, 2295, 2296, 2309, 2313, 2625, 2627, 2956, 3065, 3091, 3150, 3151, 3183, 3190, 3196, 3206, 3211, 3212, 3213, 3298, 3394, 3646, 3659, 3661, 3725, 4017, 4149, 4171, 4176, 4205, 4303, 4487, 4609, 4613, 4661, 4673, 4676, 4678, 4734, 4772, 4776, 4778, 4779, 4800, 5074, 5077, 5087, 5111, 5347, 5422, 5452, 5455, 5885, 5901, 5966, 5976, 5977, 5993, 6421, 6474, 6493, 6599, 6656, 6667, 6720, 6721, 6722, 6772, 6777, 6862, 6886, 6908, 6928, 7008, 7020, 7052, 7112, 7376, 7392, 8061, 8208, 8289, 8456, 9095, 9096, 9219, 9324, 9798, 9925, 10009, 10155, 10265, 10419, 10473, 10488, 10522, 10735, 10769, 10919, 10987, 11315, 22877, 22926, 22938, 23047, 23126, 23558, 25803, 25836, 25909, 26013, 26205, 26468, 26959, 27022, 27429, 28999, 29128, 30062, 30812, 51780, 55719, 55810, 55904, 56980, 57326, 57459, 57593, 57594, 64710, 64764, 79711, 79723, 79776, 80034, 80335, 83932, 90993, 91782, 128209, 148327, 221496, 221937, 283571, 340260, 340784, 344191, 347853, 389058, 403341, 644168	MAPTAC_class_II	MAPTAC_class_II
GO:0008076	CC	p	voltage-gated potassium channel complex	7/4388	77/19370	0.0025719071091298376	7	7	0.027128234082665813	3741, 3759, 3761, 6526, 23415, 26047, 93107	MAPTAC_class_II	MAPTAC_class_II
GO:0000785	CC	p	chromatin	12/711	978/19370	4.353731596241582e-06	2	12	0.00014133502755947207	408, 824, 3183, 3233, 4774, 5901, 5966, 8856, 9278, 9925, 27243, 80335	K562+DC (phagocytosis)	K562+DC (phagocytosis)
GO:0000785	CC	p	chromatin	3/278	978/19370	0.0007521442036399202	2	3	0.024877524320392082	861, 3024, 6670	K562+DC (macropinocytosis)	K562+DC (macropinocytosis)
GO:0016021	CC	p	integral component of membrane	115/827	3500/19370	0.0012090648839618045	3	115	0.02185042001634065	21, 102, 334, 351, 360, 476, 537, 950, 968, 972, 1001, 1003, 1186, 1312, 1337, 1362, 1375, 1380, 1605, 2022, 2222, 2589, 2734, 3111, 3156, 3459, 3460, 3547, 3953, 4036, 4064, 4121, 4124, 4851, 5243, 5447, 5788, 6185, 6376, 6442, 6480, 6520, 6521, 6545, 6548, 6653, 6892, 7048, 7841, 8590, 8754, 8795, 8828, 8972, 9213, 9528, 9789, 9993, 10159, 10280, 10343, 10396, 10970, 10990, 11119, 11326, 11342, 23225, 23646, 26001, 26020, 51136, 51599, 53827, 54538, 54587, 54857, 55061, 55529, 55568, 55830, 57192, 57498, 64072, 64115, 64418, 64478, 79037, 80346, 80762, 81539, 81618, 84243, 84272, 89790, 92140, 113791, 116085, 116254, 122618, 125206, 128338, 128366, 134285, 145173, 161176, 196335, 203328, 219972, 220002, 222223, 255231, 283316, 286205, 375790	Abelin2019 Spleen (N)	Spleen (N)
GO:0000785	CC	p	chromatin	24/827	978/19370	0.002596952379048812	2	24	0.042947712457288366	3148, 3151, 3183, 3190, 3201, 3661, 3726, 4092, 4676, 4790, 5901, 6595, 6877, 7112, 7161, 8289, 9500, 9798, 10419, 10473, 23160, 63948, 64641, 64710	Abelin2019 Spleen (N)	Spleen (N)
GO:0000785	CC	p	chromatin	52/2307	978/19370	4.724389004768094e-06	2	52	9.30545384871738e-05	60, 367, 824, 860, 1523, 3005, 3007, 3009, 3024, 3091, 3148, 3150, 3151, 3183, 4286, 4673, 4774, 4781, 4782, 4784, 4791, 4799, 4862, 5454, 5901, 6418, 6421, 6595, 6601, 6772, 6908, 7052, 7112, 7727, 8202, 8289, 9247, 9324, 9496, 9555, 9798, 10473, 10891, 11315, 23558, 30813, 54904, 55506, 57215, 93986, 150678, 646817	Adrenal gland (N)	
GO:0016021	CC	p	integral component of membrane	349/2307	3500/19370	7.737932432597349e-05	3	349	0.0010851676443474523	20, 21, 54, 102, 290, 293, 334, 351, 358, 374, 444, 476, 478, 488, 516, 517, 518, 526, 527, 535, 537, 665, 684, 950, 952, 968, 972, 973, 975, 999, 1003, 1009, 1182, 1203, 1306, 1327, 1337, 1345, 1347, 1349, 1350, 1351, 1362, 1435, 1528, 1534, 1605, 1621, 1718, 1824, 1825, 1828, 1829, 1889, 2022, 2030, 2052, 2180, 2217, 2317, 2677, 2683, 2734, 3108, 3283, 3284, 3459, 3563, 3587, 3708, 3736, 3737, 3738, 3744, 3784, 3895, 3903, 3954, 3998, 4036, 4041, 4121, 4122, 4124, 4128, 4129, 4232, 4238, 4245, 4253, 4257, 4259, 4508, 4509, 4513, 4685, 4851, 4864, 4881, 5066, 5243, 5244, 5355, 5447, 5618, 5727, 5738, 5791, 5796, 5918, 6184, 6185, 6307, 6334, 6400, 6480, 6515, 6520, 6521, 6548, 6576, 6646, 6653, 6746, 6809, 6811, 6834, 6836, 6856, 6892, 6916, 7048, 7305, 7357, 8291, 8323, 8417, 8519, 8604, 8613, 8633, 8639, 8642, 8714, 8720, 8754, 8788, 8828, 9076, 9123, 9144, 9213, 9217, 9218, 9289, 9341, 9429, 9522, 9528, 9537, 9551, 9556, 9672, 9741, 9766, 9777, 9780, 9868, 9990, 9993, 10159, 10164, 10228, 10313, 10351, 10384, 10390, 10410, 10457, 10493, 10550, 10581, 10618, 10787, 10859, 10952, 10953, 10955, 10990, 10994, 11014, 11118, 11119, 11160, 11264, 11311, 11326, 11342, 22918, 23080, 23204, 23224, 23274, 23385, 23467, 23480, 23530, 23545, 23646, 23670, 23705, 23786, 25798, 25813, 25994, 26001, 26020, 26167, 26355, 27032, 27181, 28513, 29957, 50848, 51014, 51094, 51144, 51284, 51313, 51363, 51522, 51706, 51752, 53834, 54065, 54480, 54538, 54543, 54682, 54708, 54741, 55210, 55379, 55640, 55654, 55784, 55830, 55847, 56122, 56123, 56125, 56126, 56127, 56130, 56131, 56132, 56133, 56889, 56994, 57048, 57088, 57211, 57452, 57462, 57493, 57515, 57556, 57717, 64109, 64114, 64115, 64123, 64231, 64418, 64693, 64757, 64781, 79137, 79143, 79168, 79295, 79585, 79633, 79770, 79853, 79901, 79956, 79966, 80142, 80762, 80777, 80856, 83483, 83985, 84059, 84162, 84168, 84833, 84898, 84910, 84987, 90161, 91181, 92140, 92737, 93035, 113791, 116151, 117247, 118429, 118881, 121601, 125228, 128338, 139065, 151516, 152404, 153579, 160418, 161198, 164656, 170575, 192286, 201931, 219699, 219972, 220002, 221395, 254863, 255783, 256471, 256987, 340273, 343170, 347051, 348013, 374378, 375056, 375790, 389203, 390058, 401505, 440400, 440435, 493856, 647087, 100128731, 100505876, 107984345	Adrenal gland (N)	
GO:0005694	CC	p	chromosome	9/2307	198/19370	0.0005553243914239638	5	9	0.006240279860039799	283, 4691, 22933, 26354, 30836, 50809, 79080, 79813, 116092	Adrenal gland (N)	
GO:0036064	CC	p	ciliary basal body	7/2307	158/19370	0.0018612185354524324	3	7	0.017636303203503314	5300, 6102, 7430, 23271, 25930, 29070, 55704	Adrenal gland (N)	
GO:0005929	CC	p	cilium	12/2307	210/19370	0.003612003322033322	4	12	0.031513259505864165	3842, 5156, 5315, 6102, 8655, 10694, 10890, 51571, 79770, 140735, 201625, 388939	Adrenal gland (N)	
GO:0000785	CC	p	chromatin	32/1718	978/19370	3.5785759792889536e-06	2	32	7.048588417633185e-05	60, 474, 824, 894, 1387, 1459, 3005, 3007, 3009, 3024, 3148, 3151, 3183, 3190, 4673, 4791, 4862, 5901, 6418, 6421, 6772, 7052, 9555, 9798, 10473, 11315, 23411, 50943, 55183, 79190, 150678, 503835	Aorta (N)	
GO:0016021	CC	p	integral component of membrane	210/1718	3500/19370	6.609383496436373e-06	3	210	0.00011438671934147348	21, 102, 224, 290, 334, 351, 358, 444, 476, 478, 526, 527, 535, 667, 684, 775, 950, 968, 972, 975, 987, 999, 1003, 1009, 1015, 1306, 1312, 1337, 1345, 1347, 1349, 1350, 1351, 1362, 1435, 1650, 1824, 1828, 1829, 1889, 2022, 2030, 2052, 2180, 2217, 2317, 2683, 2734, 3108, 3112, 3459, 3563, 3708, 3895, 3897, 3903, 3930, 3992, 3998, 4036, 4072, 4121, 4129, 4162, 4253, 4257, 4259, 4513, 4541, 4851, 4854, 5066, 5167, 5355, 5738, 5740, 5788, 5918, 6184, 6272, 6376, 6480, 6513, 6515, 6520, 6521, 6535, 6892, 7048, 8165, 8323, 8387, 8519, 8604, 8639, 8642, 8714, 8754, 8828, 8972, 9123, 9218, 9289, 9341, 9429, 9551, 9556, 9741, 9780, 9868, 9902, 10066, 10159, 10228, 10410, 10424, 10457, 10493, 10568, 10581, 10618, 10859, 10990, 10994, 11326, 11342, 22918, 23420, 23480, 23786, 25813, 25960, 26001, 26020, 26167, 26509, 27076, 28959, 30835, 51014, 51284, 51522, 51599, 51706, 51752, 54543, 54741, 54762, 54847, 54914, 55379, 55640, 55654, 56122, 56123, 56125, 56126, 56127, 56130, 56131, 56132, 56133, 56241, 56889, 57088, 57136, 57493, 57717, 58191, 64115, 64123, 64167, 64231, 64757, 79168, 79368, 79633, 80762, 81693, 83483, 84329, 84833, 84898, 91663, 93185, 113655, 113791, 118429, 128338, 139065, 144195, 153579, 154664, 160728, 161198, 166752, 170575, 220002, 221188, 221395, 254863, 283820, 340547, 374378, 375790, 389203, 401505, 408050, 100506658, 100507421	Aorta (N)	
GO:0005929	CC	p	cilium	5/1718	210/19370	0.00021062036977506683	4	5	0.0025463276428668424	857, 5315, 8655, 10694, 51382	Aorta (N)	
GO:0000151	CC	p	ubiquitin ligase complex	1/1718	109/19370	0.000988824130285367	4	1	0.00917147460523941	10273	Aorta (N)	
GO:0005694	CC	p	chromosome	6/1718	198/19370	0.0015729469452159148	5	6	0.014068244872262749	283, 2033, 4691, 25885, 26354, 55968	Aorta (N)	
GO:0031514	CC	p	motile cilium	1/1718	99/19370	0.0020698008130323052	5	1	0.017114909553045426	301	Aorta (N)	
GO:0005667	CC	p	transcription regulator complex	7/1718	197/19370	0.005273828040202425	2	7	0.04002173400205564	1387, 1499, 2033, 2547, 4862, 8804, 10923	Aorta (N)	
GO:0000785	CC	p	chromatin	45/1844	978/19370	4.112988023355516e-06	2	45	8.792765859685633e-05	60, 86, 367, 408, 824, 860, 1523, 1746, 1748, 2117, 3005, 3007, 3009, 3024, 3148, 3150, 3151, 3183, 3190, 3646, 4791, 5074, 5901, 6421, 6595, 6772, 6886, 6908, 7052, 8202, 9126, 9324, 9555, 10409, 10473, 11315, 23558, 57057, 57215, 63947, 64710, 93986, 150678, 503835, 728656	Bladder (N)	
GO:0016021	CC	p	integral component of membrane	252/1844	3500/19370	7.0939166042604114e-06	3	252	0.00013284473743677166	102, 218, 224, 290, 293, 334, 351, 358, 444, 476, 478, 487, 488, 489, 516, 517, 518, 527, 575, 684, 771, 950, 968, 972, 987, 999, 1003, 1009, 1015, 1306, 1337, 1345, 1347, 1349, 1350, 1351, 1362, 1528, 1823, 1824, 1828, 1829, 1889, 1896, 1954, 2013, 2022, 2052, 2217, 2317, 2525, 2532, 2589, 2687, 3108, 3112, 3459, 3563, 3782, 3895, 3897, 3903, 3953, 3998, 4040, 4041, 4055, 4070, 4072, 4121, 4128, 4233, 4253, 4257, 4259, 4311, 4352, 4508, 4541, 4851, 4881, 5066, 5243, 5244, 5314, 5447, 5738, 5740, 5788, 5796, 5826, 5918, 6184, 6398, 6476, 6480, 6510, 6515, 6520, 6521, 6535, 6548, 6653, 6892, 6916, 7048, 8273, 8291, 8323, 8387, 8417, 8519, 8639, 8642, 8828, 9123, 9213, 9217, 9218, 9289, 9334, 9341, 9429, 9551, 9554, 9556, 9620, 9687, 9741, 9780, 10079, 10159, 10228, 10349, 10384, 10410, 10457, 10493, 10581, 10618, 10787, 10948, 10994, 11118, 11119, 11264, 11326, 11342, 22918, 23385, 23480, 23530, 23646, 23731, 23786, 25813, 25825, 25923, 25960, 26001, 26002, 26018, 26020, 26167, 26509, 28513, 30835, 50848, 51014, 51284, 51522, 51599, 51706, 51752, 54538, 54543, 54587, 54664, 54682, 54741, 54933, 54953, 55014, 55654, 55776, 55830, 56122, 56123, 56125, 56126, 56127, 56130, 56131, 56132, 56133, 56889, 57088, 57211, 57228, 57468, 57493, 57717, 59272, 64115, 64123, 64167, 64231, 64420, 79137, 79310, 79541, 79585, 79608, 79633, 79956, 80000, 80762, 83483, 84162, 84833, 84898, 91663, 92140, 94025, 113189, 113201, 113791, 126410, 139065, 150372, 151516, 153562, 153579, 161198, 170575, 171586, 219972, 220002, 221061, 221395, 221935, 253559, 285671, 340273, 348013, 374378, 375790, 389203, 399909, 401427, 439921, 100506658	Bladder (N)	
GO:0005694	CC	p	chromosome	7/1844	198/19370	0.002122170190376843	5	7	0.02150384013717113	2091, 9126, 26156, 50809, 51514, 55968, 79813	Bladder (N)	
GO:0000785	CC	p	chromatin	47/2041	978/19370	3.946455963887433e-06	2	47	0.00010026285948832854	60, 1108, 2297, 2623, 2956, 3005, 3007, 3009, 3024, 3065, 3066, 3148, 3150, 3151, 3183, 3190, 4673, 4676, 4678, 4791, 5111, 5885, 5901, 6118, 6421, 6603, 6772, 6877, 7112, 8896, 9219, 9324, 9555, 10155, 10274, 10409, 10473, 10725, 11315, 23244, 23558, 27319, 30813, 64710, 83932, 84193, 150678	Bone marrow (N)	
GO:0016021	CC	p	integral component of membrane	251/2041	3500/19370	6.613079430956771e-06	3	251	0.00014674339547426858	54, 102, 224, 293, 334, 351, 358, 444, 476, 478, 489, 516, 517, 518, 526, 527, 665, 684, 706, 788, 932, 950, 968, 972, 999, 1003, 1009, 1306, 1337, 1339, 1345, 1347, 1349, 1350, 1351, 1362, 1435, 1576, 1650, 1718, 1803, 1829, 1889, 1954, 2022, 2052, 2180, 2182, 2217, 2317, 2683, 2687, 3111, 3459, 3563, 3703, 3895, 3903, 3930, 3953, 4055, 4121, 4124, 4253, 4257, 4259, 4311, 4508, 4509, 4513, 4685, 4804, 4851, 4864, 4976, 5788, 5790, 5796, 5800, 6184, 6185, 6400, 6480, 6509, 6510, 6513, 6520, 6521, 6614, 6653, 6746, 6747, 6748, 6856, 6916, 7048, 7095, 7841, 7850, 7852, 7905, 8140, 8417, 8519, 8604, 8642, 8754, 8828, 9071, 9123, 9217, 9218, 9341, 9551, 9554, 9556, 9741, 9868, 10066, 10149, 10159, 10228, 10313, 10351, 10410, 10457, 10493, 10550, 10581, 10613, 10752, 10859, 10863, 10952, 10990, 10994, 11018, 11148, 11160, 11231, 11264, 11326, 23204, 23209, 23231, 23385, 23480, 23516, 23545, 23592, 23646, 23670, 25813, 25825, 25923, 26001, 26050, 26090, 26092, 26341, 26355, 26509, 29015, 29058, 29880, 29957, 50848, 51014, 51107, 51144, 51232, 51312, 51522, 51537, 51599, 51752, 53827, 54495, 54567, 54587, 54928, 54947, 55176, 55177, 55240, 55266, 55379, 55858, 56997, 57048, 57130, 57136, 57165, 57552, 57633, 64115, 64231, 64755, 79001, 79168, 79415, 79570, 79689, 79792, 79827, 79956, 80168, 80762, 80777, 80856, 81542, 81671, 84168, 84258, 84329, 84833, 84928, 91937, 92140, 92255, 92293, 92840, 113201, 113791, 118429, 119695, 123096, 128338, 140453, 165215, 192286, 201266, 219972, 220963, 254428, 283897, 285195, 285368, 347734, 353514, 374819, 389203, 400451, 401505, 403274, 440026, 645191, 646862, 647087, 100049587, 107984345	Bone marrow (N)	
GO:0036064	CC	p	ciliary basal body	3/2041	158/19370	6.579268979890529e-05	3	3	0.0011419265863116927	7430, 8100, 55717	Bone marrow (N)	
GO:0000151	CC	p	ubiquitin ligase complex	3/2041	109/19370	0.004338392878647965	4	3	0.03981781526842871	7334, 26272, 26994	Bone marrow (N)	
GO:0005667	CC	p	transcription regulator complex	3/2180	197/19370	2.0727547796809762e-06	2	3	4.733878348154519e-05	3059, 10432, 10923	Brain (N)	
GO:0000785	CC	p	chromatin	34/2180	978/19370	3.5071940397536583e-06	2	34	6.108739293784937e-05	60, 86, 824, 3007, 3009, 3024, 3148, 3150, 3151, 3183, 3190, 3239, 3663, 4676, 4791, 5111, 5901, 6421, 6601, 6733, 6772, 7052, 7703, 9324, 9555, 9580, 10409, 10419, 10473, 11315, 23558, 27429, 150678, 390992	Brain (N)	
GO:0000151	CC	p	ubiquitin ligase complex	3/2180	109/19370	0.002084426384434561	4	3	0.016026313385586775	648, 7332, 171222	Brain (N)	
GO:0016021	CC	p	integral component of membrane	343/2180	3500/19370	0.00256929070723465	3	343	0.019544257785549725	20, 21, 102, 290, 293, 334, 351, 358, 361, 444, 476, 478, 516, 517, 518, 526, 535, 537, 684, 950, 952, 968, 972, 975, 999, 1001, 1003, 1009, 1182, 1306, 1312, 1327, 1337, 1345, 1347, 1349, 1350, 1351, 1362, 1435, 1528, 1605, 1650, 1804, 1823, 1824, 1825, 1828, 1830, 1889, 1952, 1954, 2014, 2022, 2052, 2152, 2180, 2181, 2217, 2260, 2263, 2317, 2589, 2683, 2687, 2734, 3108, 3321, 3459, 3547, 3563, 3778, 3786, 3895, 3897, 3903, 3930, 3953, 3998, 4038, 4070, 4072, 4118, 4124, 4129, 4185, 4238, 4245, 4257, 4259, 4311, 4340, 4508, 4513, 4684, 4685, 4851, 4854, 4864, 4976, 5010, 5066, 5167, 5243, 5355, 5376, 5551, 5724, 5738, 5740, 5788, 5796, 5798, 5801, 5818, 6184, 6272, 6376, 6398, 6400, 6480, 6509, 6515, 6520, 6529, 6548, 6614, 6653, 6804, 6809, 6810, 6892, 6916, 7048, 7380, 7779, 7903, 8165, 8291, 8323, 8506, 8519, 8604, 8639, 8642, 8754, 8828, 9123, 9143, 9213, 9218, 9283, 9289, 9341, 9379, 9429, 9452, 9551, 9556, 9620, 9777, 9780, 9789, 9854, 9860, 9868, 9900, 9936, 10058, 10066, 10159, 10228, 10384, 10410, 10452, 10457, 10493, 10548, 10581, 10618, 10752, 10863, 10972, 10994, 11010, 11118, 11119, 11160, 11326, 11342, 22918, 22986, 23017, 23266, 23467, 23480, 23530, 23544, 23545, 23646, 23657, 23673, 23786, 23787, 25798, 25813, 25994, 26002, 26020, 26047, 26167, 26470, 26505, 26509, 27087, 27181, 27333, 28513, 29015, 29957, 50489, 50814, 50848, 51075, 51094, 51246, 51284, 51374, 51522, 51599, 51704, 51706, 51752, 53353, 54065, 54543, 54664, 54972, 55076, 55194, 55210, 55240, 55654, 55754, 55830, 56122, 56123, 56125, 56126, 56127, 56130, 56131, 56132, 56133, 56241, 56889, 57030, 57085, 57211, 57282, 57348, 57452, 57468, 57493, 57556, 57717, 57863, 64114, 64115, 64123, 64167, 64231, 64478, 64757, 79056, 79137, 79168, 79572, 79633, 79651, 79751, 79770, 79901, 79957, 80380, 80381, 80762, 81035, 81607, 83483, 83692, 83849, 83999, 84162, 84168, 84833, 84868, 84898, 84928, 84987, 85445, 91663, 93185, 94025, 112755, 112770, 113791, 114990, 120114, 122618, 124565, 124583, 124925, 125228, 127833, 139065, 144195, 148867, 153579, 161198, 162427, 166752, 170575, 171586, 192286, 192683, 219699, 219972, 220296, 221395, 222008, 253559, 255101, 374378, 374882, 375790, 388325, 388564, 389203, 401505, 493869, 647087, 728568	Brain (N)	
GO:0005694	CC	p	chromosome	10/2180	198/19370	0.0031878165113575856	5	10	0.02309191051409028	283, 2271, 3149, 4691, 4926, 5303, 9149, 26156, 26354, 55968	Brain (N)	
GO:0036064	CC	p	ciliary basal body	7/2180	158/19370	0.004925448952625975	3	7	0.03412771547017128	5300, 5692, 7430, 22919, 23002, 23271, 51626	Brain (N)	
GO:0016607	CC	p	nuclear speck	29/2180	411/19370	0.005582115613287566	3	29	0.03807567575911714	535, 1859, 3014, 3192, 3303, 3304, 4000, 4137, 4707, 4869, 5300, 5566, 6421, 6426, 6427, 6428, 6432, 6629, 6733, 8539, 8859, 9343, 10284, 10409, 10432, 10450, 10992, 11252, 91746	Brain (N)	
GO:0000785	CC	p	chromatin	60/2340	978/19370	4.2652369676426145e-06	2	60	7.7885004211224e-05	60, 86, 367, 860, 1108, 2956, 3005, 3007, 3009, 3024, 3148, 3150, 3151, 3164, 3183, 3190, 4582, 4676, 4678, 4734, 4774, 4784, 4802, 4861, 5111, 5347, 5454, 5885, 5901, 6418, 6421, 6595, 6603, 6733, 6772, 6908, 7052, 7112, 8202, 9126, 9219, 9324, 9555, 9580, 9798, 10409, 10473, 10951, 11315, 23244, 27243, 27429, 54729, 57215, 57805, 64710, 79366, 93986, 150678, 646817	Cerebellum (N)	
GO:0016021	CC	p	integral component of membrane	368/2340	3500/19370	0.0016155034905368552	3	368	0.013615277013995708	20, 102, 293, 333, 334, 351, 355, 358, 361, 444, 476, 478, 487, 489, 526, 535, 537, 575, 684, 932, 933, 943, 950, 968, 972, 973, 975, 1003, 1009, 1013, 1203, 1236, 1327, 1337, 1345, 1347, 1349, 1350, 1351, 1362, 1380, 1605, 1828, 1829, 1889, 1901, 1952, 1954, 2022, 2052, 2135, 2180, 2182, 2196, 2217, 2260, 2317, 2589, 2683, 2686, 2734, 3109, 3455, 3459, 3563, 3587, 3588, 3708, 3746, 3747, 3748, 3749, 3895, 3897, 3903, 3953, 3954, 3998, 4033, 4038, 4040, 4050, 4124, 4170, 4185, 4245, 4248, 4249, 4257, 4259, 4340, 4358, 4508, 4509, 4513, 4580, 4684, 4685, 4851, 4864, 4976, 5010, 5066, 5195, 5243, 5244, 5355, 5724, 5738, 5818, 5825, 6184, 6185, 6272, 6376, 6400, 6480, 6504, 6509, 6510, 6513, 6515, 6520, 6521, 6529, 6548, 6566, 6576, 6653, 6683, 6804, 7357, 7850, 7852, 7903, 8165, 8323, 8417, 8506, 8519, 8604, 8633, 8642, 8676, 8744, 8754, 8795, 8828, 9120, 9143, 9144, 9213, 9217, 9283, 9341, 9379, 9429, 9435, 9452, 9482, 9497, 9498, 9537, 9551, 9556, 9741, 9761, 9766, 9777, 9780, 9854, 9860, 9868, 9899, 9900, 9902, 9917, 9927, 9936, 9993, 10058, 10066, 10067, 10090, 10159, 10228, 10313, 10384, 10396, 10410, 10424, 10457, 10490, 10493, 10550, 10558, 10560, 10581, 10618, 10678, 10752, 10863, 10952, 10955, 11118, 11119, 11160, 11231, 11326, 11342, 23017, 23200, 23204, 23209, 23385, 23399, 23467, 23480, 23516, 23544, 23545, 23646, 23657, 23673, 23786, 25813, 25897, 25994, 26020, 26092, 26229, 26355, 26509, 27032, 27040, 27074, 27181, 27333, 29015, 29058, 29957, 50615, 50848, 51014, 51107, 51109, 51144, 51284, 51286, 51599, 51704, 51752, 51768, 54209, 54543, 54602, 54664, 54928, 55041, 55177, 55240, 55379, 55654, 55751, 55754, 55824, 55830, 55847, 55858, 55974, 56172, 56889, 56894, 56951, 57030, 57048, 57136, 57150, 57194, 57211, 57282, 57348, 57452, 57468, 57493, 57498, 57556, 57583, 57709, 57823, 57863, 58475, 64115, 64132, 64409, 64645, 64757, 64781, 79022, 79572, 79651, 79751, 80021, 80146, 80380, 80762, 80856, 81533, 81671, 84102, 84162, 84329, 84641, 84833, 84898, 84928, 84987, 85445, 85465, 90231, 91137, 91937, 92140, 92840, 93185, 94025, 112755, 113791, 114801, 114836, 121227, 121256, 122618, 124925, 127833, 128338, 130733, 144195, 149175, 157378, 157753, 192286, 192683, 196264, 219417, 219699, 219972, 220296, 220963, 221395, 222008, 253017, 255231, 256227, 283464, 285195, 285368, 342865, 374378, 375790, 389203, 391059, 400451, 504190, 728568, 100505876, 100507421, 107984345	Cerebellum (N)	
GO:0005929	CC	p	cilium	12/2340	210/19370	0.002729602831376169	4	12	0.020448691296591555	5315, 8655, 10694, 10890, 51382, 51571, 55112, 83658, 126731, 140735, 201625, 389813	Cerebellum (N)	
GO:0000785	CC	p	chromatin	41/2058	978/19370	3.278652325557372e-06	2	41	6.985363419949631e-05	60, 86, 367, 824, 860, 1748, 3005, 3007, 3009, 3024, 3151, 3183, 4017, 4205, 4487, 4784, 5111, 5454, 5901, 6418, 6595, 6603, 6772, 6908, 7112, 8202, 8289, 9219, 9324, 9555, 9798, 10473, 11315, 23047, 23558, 57215, 63901, 63974, 64324, 93986, 150678	Colon (N)	
GO:0016021	CC	p	integral component of membrane	303/2058	3500/19370	2.8588671569578297e-05	3	303	0.0004555994660133705	53, 54, 102, 224, 290, 293, 334, 351, 374, 444, 476, 478, 488, 516, 517, 518, 526, 527, 575, 684, 771, 933, 950, 968, 972, 987, 999, 1003, 1009, 1015, 1047, 1306, 1337, 1345, 1347, 1349, 1350, 1351, 1362, 1468, 1528, 1605, 1636, 1650, 1798, 1803, 1824, 1828, 1829, 1889, 2013, 2022, 2030, 2052, 2152, 2180, 2182, 2217, 2317, 2328, 2330, 2525, 2683, 2734, 3108, 3112, 3459, 3460, 3563, 3587, 3895, 3897, 3902, 3903, 3953, 4036, 4041, 4051, 4063, 4072, 4121, 4122, 4128, 4129, 4162, 4245, 4249, 4253, 4257, 4259, 4311, 4508, 4513, 4514, 4541, 4684, 4685, 4804, 4851, 4976, 5066, 5167, 5447, 5663, 5724, 5738, 5788, 5791, 5796, 5918, 6184, 6185, 6272, 6398, 6400, 6444, 6476, 6480, 6513, 6521, 6548, 6576, 6653, 6745, 6746, 6892, 7048, 7364, 7365, 7366, 7367, 7850, 7852, 7903, 8291, 8323, 8387, 8519, 8604, 8639, 8642, 8754, 8828, 9123, 9217, 9218, 9245, 9289, 9341, 9344, 9522, 9528, 9551, 9554, 9556, 9625, 9741, 9777, 9843, 9868, 9990, 10066, 10079, 10159, 10228, 10349, 10410, 10457, 10493, 10581, 10720, 10787, 10863, 10994, 11061, 11283, 11326, 11342, 22875, 22918, 23065, 23080, 23224, 23385, 23530, 23621, 23646, 23673, 23705, 23786, 23788, 25798, 25813, 25825, 25923, 25994, 26001, 26002, 26167, 26355, 26509, 28513, 29015, 30835, 50489, 51014, 51144, 51232, 51284, 51311, 51338, 51599, 51706, 51752, 51809, 54490, 54538, 54543, 54682, 54741, 54857, 55240, 55266, 55314, 55315, 55640, 55654, 55776, 55830, 56122, 56123, 56125, 56126, 56127, 56130, 56131, 56132, 56133, 56262, 56667, 56889, 57136, 57211, 57348, 57452, 57493, 57717, 57823, 57863, 58191, 59272, 60401, 64123, 64693, 64781, 64866, 79137, 79153, 79168, 79310, 79633, 79770, 80762, 80856, 83483, 84329, 84833, 84898, 91663, 93185, 93380, 94025, 113791, 114815, 118429, 120071, 124583, 126364, 128338, 138882, 139065, 142891, 153562, 170575, 171586, 219972, 221061, 221303, 221395, 283316, 285195, 338755, 343066, 343702, 348013, 353514, 375790, 388564, 389203, 401505, 439921, 100506658, 110599583	Colon (N)	
GO:0005694	CC	p	chromosome	8/2058	198/19370	0.0010898445469930918	5	8	0.01201570748980434	283, 1062, 2271, 4691, 5930, 8815, 23047, 55968	Colon (N)	
GO:0019005	CC	p	SCF ubiquitin ligase complex	0/2058	59/19370	0.0023228357378472443	6	0	0.022373247518935272		Colon (N)	
GO:0000785	CC	p	chromatin	40/2382	978/19370	3.959084957591188e-06	2	40	8.262233250782563e-05	60, 367, 408, 824, 860, 1746, 2551, 3005, 3007, 3009, 3024, 3148, 3150, 3151, 3183, 3190, 4087, 4088, 4176, 4582, 4791, 5111, 5901, 6418, 6421, 6595, 6597, 6772, 7052, 7112, 9126, 9324, 9555, 9575, 10473, 11315, 23558, 57326, 57459, 150678	Esophagus (N)	
GO:0016021	CC	p	integral component of membrane	340/2382	3500/19370	7.899758941231128e-06	3	340	0.00013943578399132264	20, 21, 54, 55, 102, 218, 224, 290, 293, 334, 351, 358, 374, 476, 478, 487, 488, 489, 516, 517, 518, 527, 665, 667, 684, 706, 768, 771, 927, 950, 952, 968, 972, 973, 999, 1001, 1003, 1009, 1015, 1236, 1306, 1312, 1327, 1337, 1339, 1345, 1347, 1349, 1350, 1351, 1362, 1528, 1605, 1636, 1650, 1824, 1829, 1830, 1889, 1952, 2013, 2022, 2052, 2152, 2180, 2181, 2182, 2217, 2317, 2525, 2532, 2589, 2683, 2687, 2734, 2804, 3108, 3111, 3112, 3459, 3563, 3575, 3895, 3903, 3953, 3998, 4036, 4040, 4051, 4055, 4070, 4121, 4128, 4129, 4162, 4245, 4253, 4257, 4259, 4311, 4508, 4513, 4541, 4851, 4881, 4976, 5066, 5167, 5243, 5244, 5314, 5318, 5447, 5738, 5740, 5788, 5791, 5796, 5818, 5819, 5918, 6184, 6272, 6398, 6400, 6442, 6444, 6476, 6480, 6515, 6520, 6521, 6548, 6567, 6653, 6809, 6836, 6892, 7048, 7357, 7841, 7850, 7903, 8165, 8273, 8291, 8323, 8519, 8604, 8639, 8642, 8751, 8754, 8792, 8828, 9071, 9123, 9213, 9218, 9289, 9334, 9341, 9429, 9452, 9522, 9528, 9551, 9554, 9556, 9741, 9761, 9777, 9780, 9789, 9868, 10003, 10066, 10159, 10228, 10384, 10410, 10457, 10493, 10548, 10568, 10581, 10618, 10863, 10948, 10955, 10994, 11118, 11119, 11160, 11283, 11326, 11342, 22875, 22918, 23385, 23423, 23480, 23530, 23545, 23646, 23673, 23705, 23786, 25813, 25825, 25979, 25994, 26001, 26002, 26020, 26167, 26355, 26509, 27333, 28513, 29015, 29801, 29957, 29985, 30835, 50489, 50814, 50848, 51014, 51075, 51172, 51232, 51284, 51522, 51599, 51617, 51706, 51752, 54538, 54543, 54577, 54664, 54682, 54847, 55177, 55326, 55379, 55654, 55676, 55751, 55754, 55830, 55847, 56122, 56123, 56125, 56126, 56127, 56130, 56131, 56132, 56133, 56241, 56656, 56889, 56997, 57088, 57136, 57406, 57493, 57515, 57556, 57717, 64114, 64123, 64221, 64757, 64922, 65084, 79137, 79152, 79168, 79310, 79633, 79751, 79901, 79944, 80762, 81618, 83483, 83733, 84329, 84752, 84833, 84898, 84987, 90019, 91179, 92255, 93185, 94025, 113178, 113612, 113791, 114990, 118429, 139065, 144195, 150372, 152831, 153562, 153579, 161198, 162427, 166752, 170575, 192286, 199974, 201266, 219699, 219972, 221061, 221395, 254863, 260293, 283897, 340273, 348013, 353514, 374882, 375790, 388564, 389203, 394263, 401505, 439921, 493856, 647087, 728568, 100288842	Esophagus (N)	
GO:0008076	CC	p	voltage-gated potassium channel complex	0/2382	77/19370	7.285870167534081e-05	7	0	0.0010217704322949797		Esophagus (N)	
GO:0005929	CC	p	cilium	13/2382	210/19370	0.005659898777872678	4	13	0.04313827198961218	857, 4218, 5156, 5314, 5315, 8655, 10101, 10694, 10890, 83658, 84100, 140735, 201625	Esophagus (N)	
GO:0000785	CC	p	chromatin	28/1997	978/19370	4.085375966857752e-06	2	28	8.046813561687235e-05	60, 86, 824, 3005, 3007, 3009, 3024, 3151, 4092, 4676, 4734, 4791, 5901, 6595, 6597, 6671, 6772, 6773, 6778, 7052, 9798, 10409, 10473, 11315, 23558, 64710, 150678, 100129583	Heart (N)	
GO:0005667	CC	p	transcription regulator complex	4/1997	197/19370	1.4895288467847564e-05	2	4	0.0002373767334921526	328, 1499, 8804, 9124	Heart (N)	
GO:0005694	CC	p	chromosome	5/1997	198/19370	4.9326603951988425e-05	5	5	0.0007030043636409406	2271, 8726, 55870, 79813, 80854	Heart (N)	
GO:0016607	CC	p	nuclear speck	20/1997	411/19370	0.00010291129882371322	3	20	0.001409402397171635	328, 3014, 3303, 3304, 4000, 4707, 5093, 5511, 5566, 6915, 8446, 9321, 10135, 10409, 10970, 49855, 57634, 79933, 80230, 84662	Heart (N)	
GO:0005654	CC	p	nucleoplasm	339/1997	3803/19370	0.0014545802687860464	2	339	0.013420416900957577	37, 60, 86, 124, 125, 126, 127, 301, 311, 328, 332, 353, 360, 439, 490, 515, 523, 595, 645, 659, 661, 790, 801, 817, 1003, 1075, 1107, 1193, 1327, 1399, 1410, 1436, 1453, 1454, 1499, 1605, 1653, 1666, 1901, 2029, 2171, 2224, 2288, 2324, 2521, 2615, 2634, 2697, 2771, 2805, 2821, 2885, 2993, 3005, 3014, 3017, 3018, 3020, 3021, 3024, 3033, 3094, 3146, 3178, 3181, 3184, 3185, 3303, 3304, 3305, 3312, 3320, 3326, 3337, 3566, 3622, 3694, 3837, 3856, 3988, 4000, 4077, 4092, 4123, 4125, 4163, 4282, 4287, 4670, 4704, 4706, 4710, 4711, 4712, 4720, 4729, 4738, 4791, 4851, 4853, 4854, 4863, 4904, 4907, 4976, 5064, 5093, 5094, 5097, 5162, 5243, 5244, 5245, 5272, 5318, 5361, 5481, 5511, 5520, 5536, 5537, 5566, 5567, 5568, 5682, 5683, 5684, 5685, 5686, 5687, 5688, 5689, 5696, 5699, 5708, 5713, 5725, 5757, 5814, 5868, 5886, 5887, 5897, 5901, 6050, 6102, 6125, 6135, 6154, 6155, 6160, 6187, 6189, 6191, 6192, 6193, 6194, 6201, 6202, 6203, 6204, 6205, 6207, 6209, 6210, 6217, 6218, 6223, 6224, 6227, 6229, 6230, 6231, 6232, 6233, 6234, 6280, 6284, 6386, 6390, 6500, 6520, 6548, 6595, 6597, 6632, 6647, 6671, 6697, 6772, 6773, 6778, 6812, 7086, 7178, 7257, 7295, 7296, 7311, 7314, 7316, 7317, 7334, 7353, 7385, 7389, 7415, 7469, 7534, 7570, 8021, 8294, 8334, 8339, 8340, 8341, 8342, 8343, 8344, 8345, 8346, 8347, 8348, 8349, 8359, 8360, 8361, 8362, 8363, 8364, 8365, 8366, 8367, 8368, 8370, 8436, 8446, 8544, 8566, 8682, 8726, 8773, 8878, 8895, 8904, 8942, 8970, 9111, 9260, 9321, 9349, 9414, 9429, 9848, 9897, 10016, 10109, 10133, 10204, 10252, 10273, 10458, 10492, 10575, 10579, 10618, 10694, 10776, 10948, 10979, 11100, 11315, 11316, 11342, 11343, 23064, 23392, 23644, 23673, 25851, 25865, 25994, 26292, 26353, 27129, 29085, 49855, 50813, 51056, 51079, 51585, 51704, 54145, 54998, 55748, 55832, 55870, 56928, 57222, 57634, 57665, 57721, 58190, 63977, 64710, 65123, 79813, 79933, 80177, 80854, 81889, 83666, 83699, 84305, 84662, 84836, 85236, 94056, 121504, 124995, 125988, 128312, 135293, 150678, 152189, 152503, 171024, 200186, 201931, 220988, 255626, 256435, 284119, 284695, 285220, 340152, 440689, 554313, 113455421	Heart (N)	
GO:0036064	CC	p	ciliary basal body	6/1997	158/19370	0.003694767825977637	3	6	0.032547376879089436	1453, 5108, 6102, 7430, 25914, 95681	Heart (N)	
GO:0000785	CC	p	chromatin	53/2874	978/19370	4.555919394160548e-06	2	53	7.986526697963444e-05	60, 86, 367, 408, 824, 860, 1523, 2636, 3005, 3007, 3009, 3024, 3150, 3151, 3183, 3190, 4582, 4676, 4772, 4775, 4791, 5087, 5089, 5111, 5454, 5901, 6418, 6421, 6595, 6597, 6720, 6772, 6777, 6908, 6925, 7052, 7112, 8202, 9555, 9798, 10155, 10409, 11315, 23244, 23558, 55506, 57215, 64067, 64324, 79711, 93986, 150678, 646817	Kidney (N)	
GO:0036064	CC	p	ciliary basal body	10/2874	158/19370	0.0014949906115813395	3	10	0.013439582267190196	1452, 1453, 5108, 6102, 7430, 22919, 25930, 29070, 167691, 246176	Kidney (N)	
GO:0005929	CC	p	cilium	16/2874	210/19370	0.0023102946717897853	4	16	0.01947089692138218	156, 403, 1452, 3842, 4853, 5315, 6102, 7369, 8655, 10694, 27241, 51382, 59272, 79659, 140735, 167691	Kidney (N)	
GO:0016021	CC	p	integral component of membrane	466/2874	3500/19370	0.0049373142551347214	3	466	0.03746801683658515	54, 102, 224, 290, 293, 334, 351, 358, 444, 476, 478, 488, 516, 517, 518, 526, 527, 535, 537, 634, 684, 754, 771, 919, 950, 952, 968, 972, 987, 999, 1001, 1003, 1004, 1009, 1182, 1186, 1203, 1306, 1327, 1337, 1345, 1347, 1349, 1350, 1351, 1362, 1435, 1605, 1650, 1803, 1824, 1829, 1889, 1901, 1954, 2013, 2022, 2030, 2052, 2064, 2180, 2181, 2182, 2217, 2263, 2317, 2326, 2328, 2525, 2589, 2678, 2683, 2687, 2734, 3108, 3112, 3455, 3459, 3460, 3563, 3709, 3755, 3782, 3895, 3903, 3998, 4036, 4038, 4040, 4041, 4070, 4072, 4121, 4122, 4124, 4128, 4129, 4233, 4238, 4245, 4253, 4257, 4259, 4311, 4508, 4509, 4513, 4514, 4541, 4685, 4851, 4854, 4881, 5002, 5066, 5167, 5195, 5243, 5244, 5447, 5652, 5724, 5738, 5788, 5791, 5796, 5819, 5825, 5826, 5918, 6184, 6185, 6272, 6334, 6376, 6398, 6400, 6480, 6482, 6509, 6510, 6513, 6515, 6520, 6521, 6524, 6533, 6535, 6548, 6557, 6576, 6646, 6653, 6720, 6745, 6746, 6811, 6836, 6892, 7048, 7095, 7357, 7363, 7364, 7365, 7366, 7367, 8273, 8291, 8323, 8387, 8417, 8519, 8604, 8613, 8639, 8642, 8751, 8754, 8760, 8828, 8876, 8972, 9071, 9123, 9144, 9213, 9217, 9218, 9289, 9334, 9341, 9376, 9429, 9452, 9522, 9528, 9537, 9551, 9556, 9620, 9741, 9777, 9780, 9868, 9993, 10066, 10067, 10158, 10159, 10175, 10228, 10313, 10349, 10384, 10402, 10410, 10423, 10457, 10493, 10558, 10581, 10613, 10618, 10720, 10752, 10786, 10787, 10859, 10863, 10948, 10955, 10970, 10972, 10990, 10994, 11014, 11018, 11118, 11119, 11160, 11264, 11283, 11326, 11342, 22918, 23065, 23204, 23223, 23224, 23266, 23385, 23461, 23480, 23530, 23545, 23646, 23670, 23673, 23705, 23786, 23788, 25813, 25825, 25994, 26001, 26020, 26167, 26355, 26509, 26762, 27032, 28962, 28978, 29015, 29801, 29967, 29992, 30835, 50814, 50848, 51014, 51107, 51144, 51232, 51284, 51311, 51363, 51522, 51599, 51706, 51752, 51809, 53353, 54437, 54480, 54538, 54543, 54549, 54575, 54576, 54577, 54578, 54579, 54586, 54600, 54657, 54659, 54664, 54682, 54741, 54928, 55014, 55177, 55266, 55365, 55379, 55654, 55754, 55784, 55830, 55847, 56122, 56123, 56125, 56126, 56127, 56130, 56131, 56132, 56133, 56241, 56889, 56894, 56937, 57048, 57088, 57130, 57211, 57393, 57462, 57468, 57493, 57512, 57515, 57556, 57717, 57720, 57863, 59271, 59272, 63917, 64114, 64115, 64123, 64167, 64418, 64757, 64849, 64922, 65010, 79073, 79137, 79157, 79168, 79572, 79585, 79633, 79651, 79683, 79789, 79799, 79895, 79956, 80045, 80142, 80144, 80736, 80762, 80856, 81327, 81542, 81562, 81693, 81839, 83483, 83953, 83985, 83986, 84162, 84168, 84833, 84898, 84987, 90161, 91179, 91749, 91862, 92255, 92609, 92691, 93035, 93185, 93380, 113201, 113791, 114882, 114990, 116254, 118429, 119467, 124583, 125228, 126969, 128338, 134285, 134288, 135932, 142680, 144195, 152573, 152831, 159963, 160728, 161198, 166752, 170482, 170575, 171586, 192286, 201931, 219699, 219972, 220002, 220963, 221061, 221395, 221786, 221935, 254428, 254863, 255101, 256471, 284129, 284422, 285368, 338094, 346606, 347051, 347902, 348013, 374378, 374868, 375056, 375790, 387775, 389203, 399909, 401505, 403277, 440435, 647087, 728568, 100049587, 100506658, 107984345	Kidney (N)	
GO:0045095	CC	p	keratin filament	5/2874	95/19370	0.005541062393418125	7	5	0.040985157703215085	1452, 3855, 3856, 3875, 9119	Kidney (N)	
GO:0005667	CC	p	transcription regulator complex	16/2874	197/19370	0.006257581211343939	2	16	0.04570641609785802	142, 328, 860, 1499, 2033, 2547, 4772, 4775, 5089, 5454, 6925, 8804, 9734, 10923, 23054, 55758	Kidney (N)	
GO:0005667	CC	p	transcription regulator complex	5/2327	197/19370	4.004290284985594e-06	2	5	8.615151380517805e-05	328, 2547, 4089, 8804, 10923	Liver (N)	
GO:0000785	CC	p	chromatin	35/2327	978/19370	4.101635674337659e-06	2	35	8.662852213390261e-05	60, 408, 824, 3005, 3007, 3009, 3024, 3148, 3150, 3151, 3183, 4089, 4774, 4782, 4784, 5111, 5465, 5901, 6118, 6418, 6772, 7030, 7052, 8626, 9555, 11315, 23440, 23558, 27243, 27429, 30813, 55506, 150678, 646817, 100381270	Liver (N)	
GO:0036064	CC	p	ciliary basal body	4/2327	158/19370	3.5276340586300474e-05	3	4	0.0005424510969103924	1453, 2733, 5108, 7430	Liver (N)	
GO:0005929	CC	p	cilium	8/2327	210/19370	6.182984564997964e-05	4	8	0.0009108211716337336	4218, 5156, 5315, 8655, 10694, 140735, 201625, 388939	Liver (N)	
GO:0016021	CC	p	integral component of membrane	354/2327	3500/19370	0.0001174872571806522	3	354	0.0015369788196842038	13, 21, 22, 54, 102, 224, 290, 293, 334, 351, 444, 476, 488, 516, 517, 518, 527, 537, 665, 684, 919, 950, 968, 972, 975, 999, 1003, 1009, 1040, 1312, 1327, 1337, 1345, 1347, 1349, 1350, 1351, 1362, 1468, 1528, 1576, 1582, 1603, 1605, 1621, 1650, 1718, 1803, 1825, 1889, 2022, 2030, 2052, 2180, 2181, 2182, 2217, 2263, 2317, 2328, 2538, 2542, 2677, 2687, 2734, 2841, 3294, 3459, 3587, 3703, 3778, 3903, 3930, 3954, 3998, 4041, 4051, 4121, 4124, 4128, 4129, 4238, 4245, 4253, 4257, 4258, 4259, 4508, 4509, 4513, 4514, 4580, 4684, 4804, 4851, 4976, 5066, 5167, 5447, 5618, 5651, 5724, 5738, 5740, 5788, 5796, 5825, 5827, 5918, 6184, 6185, 6307, 6391, 6392, 6400, 6480, 6513, 6515, 6521, 6535, 6548, 6567, 6576, 6653, 6745, 6746, 6834, 6836, 6916, 7095, 7357, 7363, 7364, 7365, 7366, 7367, 7444, 7905, 7922, 8165, 8291, 8387, 8519, 8564, 8604, 8608, 8639, 8642, 8647, 8747, 8760, 8876, 9076, 9123, 9217, 9218, 9341, 9522, 9551, 9556, 9718, 9741, 9789, 9843, 9868, 9884, 9993, 10090, 10159, 10166, 10175, 10228, 10313, 10349, 10351, 10410, 10457, 10550, 10555, 10567, 10581, 10613, 10618, 10720, 10787, 10859, 10945, 10952, 10970, 10990, 10994, 11014, 11018, 11160, 11161, 11231, 11264, 11318, 11326, 11342, 22875, 22925, 23065, 23204, 23224, 23266, 23305, 23352, 23385, 23480, 23516, 23530, 23545, 23646, 23673, 23731, 23786, 23788, 25813, 25875, 25960, 25979, 25994, 26020, 26092, 26355, 27346, 28513, 28978, 29015, 29956, 29957, 30835, 50814, 51014, 51144, 51284, 51300, 51303, 51478, 51522, 51537, 51706, 51752, 54065, 54490, 54543, 54575, 54576, 54577, 54578, 54579, 54587, 54600, 54657, 54659, 54732, 54741, 54918, 54972, 55177, 55210, 55240, 55266, 55365, 55379, 55640, 55654, 55751, 55831, 55847, 57088, 57136, 57493, 57552, 57834, 64115, 64167, 64221, 64757, 64788, 79137, 79147, 79168, 79603, 79689, 79751, 79799, 79944, 80762, 80856, 81544, 83483, 83733, 83862, 84059, 84168, 84522, 84548, 84833, 84868, 84883, 84898, 84987, 85465, 90701, 91749, 92140, 92736, 92840, 93380, 113444, 113791, 114571, 114784, 116151, 125228, 126259, 131118, 133308, 133396, 144195, 148534, 150372, 150709, 154664, 166752, 192286, 201595, 203427, 219972, 254863, 255101, 256987, 259215, 259308, 283383, 283820, 284111, 284439, 347051, 348013, 374395, 374882, 375056, 389203, 401505, 408050, 440435, 474170, 493856, 728568, 107984345, 110599583	Liver (N)	
GO:0005930	CC	p	axoneme	4/2327	113/19370	0.003227869813244173	2	4	0.02787416641683269	1767, 5566, 5576, 10382	Liver (N)	
GO:0016607	CC	p	nuclear speck	31/2327	411/19370	0.0035118929773001344	3	31	0.02988518635537445	328, 665, 1793, 3014, 3192, 3303, 3304, 4000, 4707, 4841, 4869, 5562, 5566, 6426, 6432, 6625, 6627, 6915, 8539, 9321, 10051, 10135, 10284, 10946, 10970, 23435, 23451, 49855, 80230, 202333, 374395	Liver (N)	
GO:0000151	CC	p	ubiquitin ligase complex	4/2327	109/19370	0.004455844139333452	4	4	0.03719568941072162	4289, 10273, 51646, 55832	Liver (N)	
GO:0005667	CC	p	transcription regulator complex	11/3780	197/19370	1.8696341686453209e-06	2	11	4.8601214585856345e-05	1499, 2033, 2547, 3091, 3726, 6925, 8804, 9464, 10432, 10923, 91748	Lung (N)	
GO:0000785	CC	p	chromatin	68/3780	978/19370	4.980778612021174e-06	2	68	7.726818501657626e-05	60, 408, 824, 1063, 1523, 3005, 3007, 3009, 3024, 3091, 3148, 3150, 3151, 3183, 3190, 3726, 4091, 4092, 4582, 4610, 4676, 4678, 4782, 4784, 4790, 4791, 4799, 5111, 5469, 5885, 5901, 5976, 6418, 6421, 6603, 6667, 6772, 6773, 6925, 7024, 7052, 7112, 7227, 8431, 9324, 9421, 9464, 9555, 9798, 10473, 11315, 22926, 23126, 23309, 23316, 23558, 27429, 30813, 51513, 55183, 55506, 55818, 64067, 84525, 139628, 150678, 195814, 221496	Lung (N)	
GO:0005634	CC	p	nucleus	924/3780	5336/19370	1.2760883576756579e-05	5	924	0.0001681942023312352	12, 34, 35, 55, 60, 71, 81, 102, 123, 132, 143, 165, 178, 199, 213, 226, 247, 283, 285, 286, 292, 293, 301, 302, 307, 310, 325, 332, 334, 335, 348, 358, 374, 383, 387, 388, 389, 396, 408, 409, 427, 445, 501, 506, 515, 538, 539, 563, 595, 641, 642, 646, 665, 667, 708, 754, 790, 801, 805, 808, 811, 817, 822, 824, 858, 875, 952, 972, 989, 1020, 1063, 1072, 1080, 1107, 1152, 1191, 1192, 1193, 1398, 1400, 1410, 1431, 1432, 1452, 1453, 1454, 1465, 1466, 1476, 1496, 1499, 1500, 1511, 1514, 1523, 1537, 1639, 1642, 1653, 1654, 1666, 1674, 1718, 1729, 1738, 1774, 1785, 1832, 1834, 1845, 1915, 1936, 1937, 1938, 1947, 1954, 1956, 1981, 1984, 2013, 2023, 2033, 2064, 2130, 2167, 2171, 2177, 2195, 2203, 2237, 2239, 2261, 2263, 2271, 2273, 2287, 2314, 2316, 2317, 2495, 2521, 2534, 2539, 2547, 2597, 2634, 2644, 2745, 2752, 2770, 2794, 2805, 2810, 2879, 2885, 2923, 2932, 2934, 2950, 3002, 3005, 3006, 3007, 3008, 3009, 3010, 3012, 3013, 3014, 3015, 3017, 3018, 3020, 3021, 3024, 3055, 3069, 3091, 3092, 3093, 3094, 3096, 3146, 3148, 3150, 3151, 3162, 3178, 3181, 3182, 3183, 3184, 3185, 3187, 3188, 3189, 3190, 3191, 3192, 3301, 3303, 3304, 3305, 3306, 3308, 3309, 3310, 3312, 3315, 3320, 3326, 3337, 3416, 3486, 3608, 3614, 3615, 3673, 3692, 3716, 3728, 3735, 3791, 3837, 3842, 3843, 3851, 3852, 3855, 3856, 3857, 3858, 3861, 3866, 3868, 3911, 3921, 3939, 3956, 3958, 3965, 4000, 4001, 4008, 4026, 4035, 4048, 4057, 4067, 4070, 4091, 4092, 4116, 4137, 4154, 4155, 4162, 4191, 4238, 4257, 4287, 4288, 4313, 4323, 4353, 4437, 4478, 4582, 4627, 4628, 4670, 4676, 4678, 4682, 4691, 4704, 4735, 4736, 4738, 4782, 4784, 4790, 4791, 4799, 4809, 4817, 4830, 4831, 4851, 4853, 4860, 4869, 4891, 4904, 4924, 4957, 4967, 5037, 5042, 5052, 5062, 5093, 5094, 5111, 5128, 5159, 5162, 5170, 5195, 5204, 5216, 5224, 5226, 5232, 5245, 5272, 5300, 5306, 5315, 5359, 5360, 5414, 5433, 5445, 5469, 5478, 5479, 5481, 5494, 5499, 5500, 5501, 5515, 5516, 5518, 5536, 5538, 5550, 5562, 5565, 5566, 5567, 5568, 5594, 5595, 5604, 5605, 5621, 5663, 5664, 5682, 5683, 5684, 5685, 5686, 5687, 5688, 5689, 5691, 5696, 5699, 5702, 5704, 5706, 5707, 5708, 5713, 5715, 5716, 5717, 5719, 5725, 5727, 5740, 5777, 5781, 5813, 5814, 5862, 5886, 5887, 5901, 5902, 5976, 5998, 6122, 6124, 6125, 6128, 6129, 6130, 6133, 6134, 6137, 6138, 6139, 6141, 6146, 6147, 6155, 6156, 6166, 6168, 6175, 6187, 6188, 6189, 6192, 6194, 6201, 6202, 6203, 6207, 6209, 6222, 6229, 6230, 6232, 6233, 6249, 6275, 6277, 6279, 6280, 6282, 6283, 6284, 6301, 6386, 6387, 6416, 6418, 6421, 6426, 6432, 6434, 6449, 6451, 6470, 6500, 6576, 6603, 6622, 6627, 6628, 6629, 6632, 6633, 6647, 6649, 6667, 6727, 6729, 6760, 6772, 6789, 6832, 6840, 6850, 6867, 6880, 6881, 6888, 6925, 7014, 7019, 7024, 7052, 7072, 7073, 7078, 7112, 7114, 7128, 7133, 7167, 7178, 7179, 7184, 7227, 7257, 7278, 7280, 7295, 7297, 7311, 7314, 7316, 7317, 7323, 7332, 7334, 7336, 7358, 7360, 7372, 7398, 7415, 7416, 7417, 7419, 7453, 7514, 7520, 7529, 7531, 7534, 7760, 7846, 7873, 7913, 7917, 7965, 8031, 8078, 8079, 8085, 8106, 8148, 8243, 8290, 8294, 8295, 8314, 8329, 8330, 8332, 8334, 8335, 8336, 8337, 8338, 8339, 8340, 8341, 8342, 8343, 8344, 8345, 8346, 8347, 8348, 8349, 8350, 8351, 8352, 8353, 8354, 8355, 8356, 8357, 8358, 8359, 8360, 8361, 8362, 8363, 8364, 8365, 8366, 8367, 8368, 8370, 8402, 8431, 8480, 8531, 8535, 8566, 8570, 8607, 8644, 8650, 8655, 8678, 8717, 8721, 8728, 8731, 8761, 8789, 8813, 8815, 8826, 8836, 8880, 8895, 8904, 8924, 8927, 8968, 8969, 8970, 8971, 9087, 9093, 9101, 9104, 9111, 9131, 9141, 9147, 9208, 9324, 9351, 9352, 9360, 9402, 9404, 9414, 9421, 9464, 9473, 9518, 9520, 9525, 9531, 9555, 9577, 9588, 9604, 9647, 9652, 9667, 9782, 9805, 9961, 10016, 10049, 10075, 10093, 10094, 10095, 10096, 10097, 10109, 10128, 10133, 10146, 10174, 10209, 10213, 10241, 10247, 10250, 10253, 10273, 10284, 10296, 10311, 10312, 10381, 10382, 10383, 10397, 10399, 10413, 10432, 10450, 10473, 10492, 10498, 10519, 10539, 10549, 10552, 10658, 10672, 10728, 10855, 10901, 10910, 10923, 10963, 10973, 10983, 10992, 11051, 11060, 11098, 11100, 11164, 11171, 11187, 11214, 11315, 11331, 22832, 22835, 22864, 22870, 22883, 22913, 22926, 22985, 23022, 23090, 23126, 23170, 23196, 23211, 23224, 23286, 23295, 23309, 23316, 23345, 23373, 23406, 23435, 23450, 23521, 23523, 23541, 23549, 23558, 23569, 23616, 23633, 23644, 23658, 23774, 23786, 25793, 25798, 25819, 25824, 25930, 25932, 25934, 25939, 25996, 26007, 26092, 26135, 26292, 26354, 26986, 26994, 26999, 27044, 27101, 27130, 27134, 27161, 27183, 27258, 27429, 27430, 28970, 28976, 29082, 29108, 29114, 29969, 30813, 30844, 30845, 30846, 50809, 51028, 51056, 51065, 51097, 51119, 51135, 51142, 51164, 51181, 51493, 51510, 51513, 51514, 51569, 51742, 54039, 54145, 54205, 54440, 54551, 54587, 54625, 54828, 54936, 54954, 55110, 55177, 55183, 55201, 55209, 55229, 55236, 55337, 55589, 55596, 55611, 55619, 55717, 55734, 55742, 55766, 55802, 55818, 55832, 55854, 55907, 55968, 56256, 56916, 56981, 57048, 57082, 57214, 57447, 57519, 57609, 57658, 57665, 57716, 58190, 58476, 58508, 60314, 60491, 63977, 64121, 64399, 64750, 64754, 64855, 66005, 79026, 79066, 79768, 79830, 79879, 79987, 80142, 80169, 80218, 80271, 81606, 81892, 83447, 83448, 83666, 84084, 84105, 84129, 84162, 84324, 84525, 84617, 84661, 84662, 84790, 84836, 84875, 84883, 85235, 85236, 85365, 85456, 89890, 90417, 91039, 91754, 92597, 92815, 94239, 112714, 112770, 113146, 121504, 122011, 122618, 126393, 126961, 127933, 128312, 128387, 128866, 136319, 138199, 139628, 140735, 140801, 143471, 144195, 146279, 150678, 151636, 171222, 195814, 196441, 200186, 203068, 220988, 221184, 221472, 221613, 221692, 255626, 260425, 284119, 284194, 317772, 319101, 333932, 340096, 343069, 347733, 347902, 391769, 440093, 440563, 440689, 554313, 649330, 653604, 654346, 723790, 101060301, 102724560	Lung (N)	
GO:0008076	CC	p	voltage-gated potassium channel complex	4/3780	77/19370	0.0007272064887685423	7	4	0.006606435785545406	801, 805, 808, 3784	Lung (N)	
GO:0036064	CC	p	ciliary basal body	15/3780	158/19370	0.0008121175274212599	3	15	0.007226609266850093	1063, 1452, 1453, 5108, 5300, 6102, 6103, 7399, 7430, 23002, 23271, 25930, 55717, 95681, 353116	Lung (N)	
GO:0015030	CC	p	Cajal body	2/3780	53/19370	0.0015141830280901627	3	2	0.012579918712047656	3181, 7514	Lung (N)	
GO:0016605	CC	p	PML body	8/3780	102/19370	0.0015928433083783509	3	8	0.013171010941449287	641, 1107, 6693, 8878, 10241, 11315, 23001, 58476	Lung (N)	
GO:0005694	CC	p	chromosome	22/3780	198/19370	0.0020629687065388588	5	22	0.01666536471227013	283, 641, 2033, 2271, 4288, 4610, 4691, 5885, 8243, 8815, 10199, 10849, 23774, 24137, 26156, 26354, 50809, 51514, 51608, 55035, 55968, 80854	Lung (N)	
GO:0019005	CC	p	SCF ubiquitin ligase complex	3/3780	59/19370	0.002685687148298338	6	3	0.021112150542452853	6500, 25793, 27101	Lung (N)	
GO:0016592	CC	p	mediator complex	1/3780	40/19370	0.00403288859859555	3	1	0.03008363282271489	5469	Lung (N)	
GO:0005762	CC	p	mitochondrial large ribosomal subunit	3/3780	54/19370	0.005658045602199071	6	3	0.040319324962012085	3396, 63875, 64975	Lung (N)	
GO:0031514	CC	p	motile cilium	9/3780	99/19370	0.007130524119162906	5	9	0.047001443492543184	301, 1738, 3091, 5048, 6652, 8751, 23002, 83447, 90410	Lung (N)	
GO:0000785	CC	p	chromatin	42/2117	978/19370	4.337740584278028e-06	2	42	9.205088435245852e-05	60, 196, 367, 408, 824, 860, 2636, 3005, 3007, 3009, 3024, 3148, 3150, 3151, 3183, 3190, 4582, 4784, 4791, 4861, 5901, 5933, 5966, 6418, 6595, 6603, 6772, 6908, 7112, 8202, 8896, 9324, 9555, 9798, 10473, 11315, 23558, 26057, 57215, 64710, 93986, 150678	Lymph node (N)	
GO:0005694	CC	p	chromosome	7/2117	198/19370	0.0002193157122083916	5	7	0.002912579117434169	283, 2271, 4691, 8815, 26156, 55035, 55968	Lymph node (N)	
GO:0005694	CC	p	chromosome	1/1575	198/19370	2.3109992706606536e-06	5	1	5.626641279816842e-05	55968	Muscle (N)	
GO:0000785	CC	p	chromatin	21/1575	978/19370	3.344534527124944e-06	2	21	7.817292034733369e-05	60, 86, 824, 1063, 2241, 3005, 3007, 3009, 3024, 3151, 4791, 5901, 6772, 7052, 9555, 10409, 10473, 11315, 57326, 64067, 150678	Muscle (N)	
GO:0016607	CC	p	nuclear speck	12/1575	411/19370	2.1821118703640782e-05	3	12	0.0003903308274232887	3014, 3303, 3304, 4707, 6426, 9321, 10051, 10409, 10970, 79933, 80230, 84662	Muscle (N)	
GO:0016021	CC	p	integral component of membrane	234/1575	3500/19370	0.00048679788765246826	3	234	0.006188935618984117	20, 21, 102, 224, 290, 293, 334, 351, 358, 444, 476, 478, 487, 488, 516, 517, 518, 527, 684, 950, 972, 1003, 1306, 1327, 1337, 1339, 1345, 1347, 1349, 1350, 1351, 1362, 1636, 1828, 1829, 1889, 1954, 2012, 2022, 2052, 2180, 2217, 2317, 2589, 2683, 2734, 3109, 3459, 3563, 3745, 3782, 3895, 3897, 3953, 3998, 4040, 4055, 4121, 4124, 4128, 4253, 4257, 4259, 4508, 4509, 4514, 4541, 4851, 4854, 4881, 5066, 5796, 5819, 5826, 6272, 6480, 6482, 6484, 6515, 6526, 6548, 6588, 6892, 7048, 7095, 8273, 8291, 8323, 8387, 8519, 8604, 8639, 8642, 8828, 9123, 9213, 9289, 9334, 9341, 9429, 9452, 9528, 9537, 9551, 9556, 9741, 9780, 10159, 10228, 10384, 10410, 10423, 10457, 10493, 10581, 10618, 10787, 10948, 10955, 10970, 10994, 11018, 11118, 11119, 11160, 11326, 11342, 22875, 22918, 23266, 23385, 23400, 23646, 23670, 23786, 25798, 25813, 25825, 26020, 26167, 26355, 26509, 27333, 29015, 29801, 29957, 50848, 51014, 51075, 51232, 51522, 51599, 51706, 51752, 54543, 54664, 54741, 54914, 55345, 55640, 55654, 55676, 56122, 56123, 56125, 56126, 56127, 56130, 56131, 56132, 56133, 56704, 56889, 56997, 57106, 57158, 57192, 57211, 57468, 57493, 57556, 57717, 64114, 64115, 64123, 64167, 64579, 64781, 79310, 79572, 79633, 79770, 79939, 80762, 83483, 83986, 84162, 84833, 84987, 90952, 91663, 113178, 113201, 114990, 118429, 119774, 128338, 144195, 146429, 152573, 153579, 161198, 170575, 171586, 192286, 199974, 201931, 219699, 219965, 219972, 220002, 221061, 221395, 222223, 256435, 348013, 374378, 389203, 389761, 389762, 389763, 728568, 100288797, 100506658	Muscle (N)	
GO:0016604	CC	p	nuclear body	11/1575	321/19370	0.0008965469740372443	2	11	0.010139657067659931	81, 2022, 3005, 4722, 6102, 7086, 8565, 28970, 29085, 65059, 83442	Muscle (N)	
GO:0005667	CC	p	transcription regulator complex	5/1575	197/19370	0.0015536537864437648	2	5	0.01602091228021129	1499, 2547, 3159, 8804, 57326	Muscle (N)	
GO:0016021	CC	p	integral component of membrane	154/1087	3500/19370	0.00047673650267649777	3	154	0.006906769332164468	20, 102, 290, 334, 351, 476, 478, 516, 517, 518, 526, 537, 665, 684, 933, 950, 968, 972, 999, 1001, 1003, 1182, 1203, 1306, 1347, 1349, 1350, 1351, 1362, 1605, 1889, 2022, 2052, 2217, 2317, 2589, 2683, 2687, 2734, 3294, 3459, 3460, 3563, 3895, 3953, 3998, 4040, 4041, 4121, 4129, 4233, 4238, 4259, 4851, 4881, 5243, 5244, 5447, 5738, 5791, 6184, 6185, 6272, 6480, 6520, 6535, 6548, 6892, 7048, 7357, 8273, 8291, 8323, 8417, 8519, 8642, 8828, 9144, 9213, 9218, 9289, 9429, 9551, 9556, 9620, 10079, 10159, 10384, 10410, 10457, 10493, 10581, 10618, 10859, 10955, 10972, 10990, 10994, 11118, 11119, 11326, 11342, 22918, 23385, 23646, 26001, 26020, 26167, 26509, 27181, 51284, 51363, 51522, 51599, 54480, 55654, 56122, 56123, 56125, 56126, 56127, 56130, 56131, 56132, 56133, 56889, 57048, 57088, 57211, 57493, 57515, 57556, 57717, 64114, 64115, 64123, 64231, 64403, 79139, 79168, 79633, 80762, 84162, 84833, 116254, 121601, 139065, 166752, 220002, 221061, 221395, 374378, 375056, 375790	Ovary (N)	
GO:0000785	CC	p	chromatin	33/1087	978/19370	0.0012748051026901929	2	33	0.017190256500122382	60, 367, 860, 3005, 3007, 3009, 3024, 3150, 3151, 3183, 4676, 4791, 5454, 5901, 6595, 6908, 7052, 7112, 8202, 9324, 9555, 9798, 10419, 10473, 11315, 23558, 30813, 55506, 57215, 57326, 64710, 93986, 150678	Ovary (N)	
GO:0016021	CC	p	integral component of membrane	88/771	3500/19370	5.296248559731742e-06	3	88	0.00015473872875349575	55, 102, 290, 293, 334, 351, 476, 478, 933, 950, 968, 972, 999, 1003, 1009, 1337, 1349, 1350, 1362, 1803, 1889, 2022, 2217, 2317, 2683, 3459, 3563, 3708, 3782, 3998, 4259, 4851, 5066, 5243, 5244, 5738, 6480, 6653, 7048, 8323, 8519, 8642, 9341, 9429, 9556, 9620, 9741, 10228, 10410, 10457, 10581, 10618, 10994, 11160, 11326, 23646, 23786, 26167, 51014, 51284, 51599, 55194, 55654, 55830, 56122, 56123, 56125, 56126, 56127, 56130, 56131, 56132, 56133, 56889, 57493, 57717, 64114, 64123, 79633, 80762, 83483, 84833, 171586, 219972, 221395, 348013, 374378, 389203	Prostate (N)	
GO:0000785	CC	p	chromatin	15/771	978/19370	1.0554090440335804e-05	2	15	0.00027295085622228865	60, 3005, 3007, 3009, 3024, 3150, 3151, 3183, 4673, 4791, 6772, 10473, 11315, 58524, 150678	Prostate (N)	
GO:0005694	CC	p	chromosome	0/771	198/19370	0.0006750539110432558	5	0	0.011378552942873342		Prostate (N)	
GO:0000785	CC	p	chromatin	37/2151	978/19370	3.964121938409516e-06	2	37	7.987477882795268e-05	60, 86, 824, 894, 1046, 3005, 3007, 3009, 3024, 3148, 3150, 3151, 3164, 3183, 3239, 4676, 4678, 4791, 5901, 6118, 6772, 7052, 8856, 9126, 9324, 9496, 9555, 9798, 10473, 11315, 23269, 23558, 54904, 64710, 93986, 150678, 221496	Skin (N)	
GO:0016607	CC	p	nuclear speck	18/2151	411/19370	4.936142956524857e-06	3	18	9.205381492327736e-05	3014, 3192, 3303, 3304, 4000, 4707, 4869, 5093, 5566, 6432, 6629, 8539, 10284, 10432, 10465, 80230, 84662, 91746	Skin (N)	
GO:0005694	CC	p	chromosome	6/2151	198/19370	5.358543374186623e-05	5	6	0.0007116307981022082	283, 2091, 3149, 4691, 9126, 26156	Skin (N)	
GO:0005667	CC	p	transcription regulator complex	7/2151	197/19370	0.00021992068067823014	2	7	0.0025708329762931053	1499, 3059, 3159, 3164, 8804, 10432, 10923	Skin (N)	
GO:0000151	CC	p	ubiquitin ligase complex	2/2151	109/19370	0.0005862185081862668	4	2	0.0062281275445486405	10273, 55832	Skin (N)	
GO:0019005	CC	p	SCF ubiquitin ligase complex	0/2151	59/19370	0.0014766832506070964	6	0	0.013291169622116862		Skin (N)	
GO:0036064	CC	p	ciliary basal body	7/2151	158/19370	0.0047988652830639215	3	7	0.0396811832132597	1453, 6102, 7430, 23002, 23271, 29070, 55717	Skin (N)	
GO:0000785	CC	p	chromatin	73/3243	978/19370	4.569503354499155e-06	2	73	7.628894648035256e-05	60, 408, 824, 1108, 1745, 1997, 2551, 3005, 3007, 3009, 3024, 3066, 3148, 3151, 3183, 3190, 4582, 4673, 4676, 4678, 4790, 4791, 5111, 5469, 5885, 5901, 5976, 6118, 6418, 6421, 6598, 6599, 6601, 6603, 6667, 6772, 6939, 7052, 7112, 9126, 9219, 9421, 9464, 9496, 9555, 9798, 10155, 10409, 10419, 10473, 10951, 10987, 11315, 22877, 22882, 22938, 23160, 23558, 26993, 27429, 30813, 55183, 55506, 57326, 57459, 57805, 64067, 80335, 85446, 128209, 150678, 390992, 646817	Small intestine (N)	
GO:0016021	CC	p	integral component of membrane	502/3243	3500/19370	2.926270411730351e-05	3	502	0.00036904690875995015	13, 53, 54, 55, 102, 111, 224, 290, 293, 334, 351, 355, 358, 374, 433, 444, 476, 478, 488, 526, 527, 535, 537, 680, 684, 768, 771, 943, 950, 968, 972, 987, 999, 1003, 1009, 1010, 1015, 1182, 1185, 1186, 1203, 1236, 1306, 1312, 1327, 1337, 1345, 1347, 1349, 1350, 1351, 1362, 1435, 1468, 1576, 1595, 1603, 1605, 1636, 1650, 1803, 1824, 1829, 1889, 2022, 2052, 2180, 2217, 2317, 2357, 2525, 2527, 2528, 2650, 2677, 2678, 2683, 2734, 3108, 3109, 3111, 3112, 3294, 3455, 3459, 3563, 3587, 3703, 3782, 3895, 3897, 3902, 3903, 3930, 3998, 4033, 4037, 4040, 4064, 4072, 4121, 4124, 4128, 4129, 4162, 4245, 4248, 4249, 4253, 4257, 4259, 4311, 4358, 4508, 4513, 4514, 4541, 4584, 4684, 4685, 4804, 4851, 4854, 4976, 5066, 5310, 5447, 5651, 5652, 5724, 5738, 5740, 5788, 5796, 5818, 5825, 5918, 6184, 6185, 6272, 6307, 6319, 6398, 6400, 6476, 6480, 6510, 6513, 6515, 6520, 6521, 6523, 6548, 6568, 6576, 6614, 6653, 6745, 6746, 6748, 6810, 6834, 6836, 6891, 6892, 6988, 7048, 7095, 7357, 7364, 7365, 7366, 7367, 7444, 7852, 7903, 8165, 8291, 8323, 8387, 8417, 8510, 8519, 8604, 8613, 8639, 8642, 8702, 8728, 8744, 8754, 8795, 8797, 8828, 8876, 8972, 9058, 9144, 9213, 9218, 9245, 9289, 9334, 9341, 9398, 9452, 9497, 9522, 9528, 9551, 9554, 9556, 9653, 9725, 9741, 9761, 9766, 9777, 9789, 9843, 9868, 9917, 10004, 10058, 10066, 10067, 10159, 10162, 10175, 10228, 10349, 10396, 10410, 10423, 10457, 10490, 10493, 10548, 10581, 10613, 10618, 10720, 10752, 10787, 10859, 10863, 10905, 10908, 10952, 10953, 10970, 10990, 10994, 11014, 11160, 11161, 11194, 11264, 11326, 11342, 22853, 22918, 23065, 23080, 23200, 23204, 23224, 23385, 23420, 23423, 23480, 23516, 23530, 23545, 23646, 23673, 23705, 23786, 23788, 25813, 25825, 25880, 25979, 25994, 26001, 26018, 26020, 26090, 26154, 26167, 26229, 26280, 26355, 26470, 26509, 27032, 27074, 28959, 28978, 28982, 29015, 29071, 29851, 29940, 29957, 29967, 30835, 50489, 50814, 50848, 51014, 51107, 51144, 51284, 51296, 51303, 51311, 51363, 51522, 51537, 51599, 51703, 51706, 51752, 51809, 54065, 54480, 54490, 54495, 54538, 54543, 54682, 54732, 54733, 54847, 54857, 54896, 54928, 54978, 55014, 55129, 55177, 55210, 55326, 55379, 55654, 55824, 55830, 55847, 56122, 56123, 56125, 56126, 56127, 56130, 56131, 56132, 56133, 56241, 56262, 56851, 56889, 56913, 57048, 57088, 57124, 57136, 57158, 57192, 57211, 57462, 57468, 57493, 57512, 57535, 57556, 57582, 57717, 57863, 58475, 58477, 59084, 59272, 60559, 63027, 64114, 64115, 64123, 64132, 64231, 64418, 64757, 64922, 78992, 79056, 79073, 79086, 79137, 79152, 79168, 79310, 79572, 79585, 79633, 79939, 79956, 80003, 80762, 80856, 81037, 81539, 81542, 81555, 83483, 83692, 83930, 83985, 84002, 84162, 84168, 84329, 84634, 84830, 84833, 84879, 84898, 84987, 85365, 90701, 91663, 93010, 93185, 93380, 94025, 113235, 113791, 114783, 114794, 114801, 114836, 115650, 116254, 118429, 118881, 120224, 124222, 124583, 124935, 125228, 128338, 139065, 139411, 144124, 144195, 150372, 151295, 153562, 153579, 160518, 161198, 162427, 166752, 170575, 171586, 192286, 196446, 200185, 201266, 201931, 203328, 219972, 220002, 220032, 220963, 221395, 253559, 254863, 255231, 256471, 256987, 283316, 283464, 283820, 341116, 348013, 374395, 375056, 375790, 388325, 388364, 388564, 389203, 401505, 408050, 440435, 493856, 647087, 728568, 728588, 100505876, 100506658, 107984345	Small intestine (N)	
GO:0005667	CC	p	transcription regulator complex	16/3243	197/19370	0.0007119056099181004	2	16	0.00630288148579005	142, 328, 1499, 2033, 2547, 5591, 7528, 8804, 9124, 9219, 9464, 9734, 10432, 10923, 11267, 57326	Small intestine (N)	
GO:0008076	CC	p	voltage-gated potassium channel complex	3/3243	77/19370	0.001064702773573989	7	3	0.008845611194669208	801, 805, 808	Small intestine (N)	
GO:0036064	CC	p	ciliary basal body	12/3243	158/19370	0.0012054174422032099	3	12	0.009920642141700596	5108, 5300, 5747, 6102, 7283, 7430, 23271, 25930, 29070, 55717, 124590, 158135	Small intestine (N)	
GO:0005814	CC	p	centriole	11/3243	144/19370	0.002278424838461352	5	11	0.01799134568388626	3064, 3303, 3304, 3310, 4218, 5108, 5901, 6102, 7283, 10121, 56647	Small intestine (N)	
GO:0045095	CC	p	keratin filament	1/3172	95/19370	1.9198120892198816e-06	7	1	5.271440411729852e-05	1452	Spleen (N)	
GO:0000785	CC	p	chromatin	74/3172	978/19370	4.643684553864837e-06	2	74	8.306509207066387e-05	60, 86, 367, 408, 463, 824, 860, 1459, 2551, 3005, 3007, 3009, 3024, 3148, 3150, 3151, 3183, 3190, 3237, 4673, 4676, 4678, 4791, 5111, 5469, 5901, 5993, 6118, 6256, 6257, 6418, 6421, 6595, 6601, 6603, 6670, 6772, 6773, 6874, 6908, 6925, 6938, 7052, 7112, 7942, 8202, 8289, 8932, 9126, 9555, 9798, 9935, 10155, 10409, 10473, 10987, 11315, 22926, 22938, 23028, 23047, 23244, 23558, 30813, 55183, 55506, 57215, 57805, 64710, 64864, 79711, 93986, 150678, 221937	Spleen (N)	
GO:0016021	CC	p	integral component of membrane	469/3172	3500/19370	8.833246652057728e-06	3	469	0.00013703257859342652	54, 55, 102, 113, 241, 290, 293, 333, 334, 351, 360, 444, 476, 478, 526, 527, 535, 537, 665, 684, 706, 746, 788, 919, 932, 933, 950, 952, 968, 972, 973, 975, 987, 999, 1001, 1003, 1004, 1006, 1009, 1015, 1182, 1186, 1203, 1236, 1337, 1345, 1347, 1349, 1350, 1351, 1362, 1380, 1605, 1650, 1718, 1798, 1823, 1825, 1889, 1901, 1955, 2022, 2030, 2052, 2166, 2180, 2217, 2317, 2357, 2589, 2683, 2687, 2734, 2804, 3038, 3108, 3109, 3111, 3112, 3140, 3454, 3455, 3459, 3460, 3563, 3587, 3703, 3708, 3709, 3778, 3895, 3902, 3903, 3954, 3998, 4038, 4063, 4064, 4121, 4122, 4124, 4128, 4162, 4232, 4238, 4245, 4249, 4253, 4259, 4508, 4509, 4513, 4851, 4854, 4864, 5066, 5314, 5447, 5551, 5663, 5734, 5738, 5788, 5790, 5791, 5818, 5819, 6184, 6185, 6272, 6400, 6480, 6482, 6484, 6513, 6515, 6520, 6521, 6548, 6576, 6646, 6653, 6745, 6746, 6748, 6834, 6836, 6892, 6916, 7048, 7133, 7357, 7462, 7852, 7903, 8140, 8174, 8291, 8323, 8387, 8417, 8519, 8604, 8639, 8642, 8677, 8703, 8754, 8797, 8828, 8876, 9123, 9144, 9213, 9214, 9217, 9218, 9334, 9341, 9398, 9452, 9522, 9528, 9537, 9551, 9554, 9556, 9672, 9741, 9761, 9766, 9777, 9780, 9860, 9868, 9962, 9990, 9993, 10066, 10067, 10090, 10159, 10175, 10228, 10313, 10335, 10384, 10410, 10423, 10452, 10457, 10493, 10581, 10618, 10653, 10673, 10712, 10752, 10787, 10859, 10863, 10952, 10955, 10970, 10972, 10990, 10994, 11018, 11024, 11118, 11119, 11160, 11161, 11182, 11264, 11270, 11318, 11326, 11342, 22875, 22918, 23204, 23224, 23266, 23333, 23352, 23385, 23400, 23416, 23420, 23423, 23480, 23484, 23516, 23530, 23545, 23646, 23673, 23705, 23786, 23788, 25798, 25813, 25825, 26001, 26020, 26058, 26092, 26167, 26355, 26509, 27181, 27202, 27333, 28959, 29015, 29801, 29957, 29985, 30061, 50615, 51014, 51094, 51107, 51144, 51284, 51296, 51302, 51303, 51311, 51363, 51522, 51599, 51706, 51744, 51752, 54106, 54480, 54538, 54543, 54549, 54741, 54918, 54928, 55069, 55176, 55194, 55266, 55287, 55315, 55379, 55640, 55654, 55676, 55751, 55754, 55830, 55847, 56122, 56123, 56125, 56126, 56127, 56130, 56131, 56132, 56133, 56889, 56927, 56996, 57048, 57130, 57153, 57157, 57192, 57205, 57211, 57493, 57498, 57506, 57515, 57537, 57552, 57556, 57709, 57717, 57823, 60559, 64115, 64123, 64231, 64418, 64645, 64747, 64781, 65250, 79037, 79073, 79137, 79168, 79258, 79310, 79572, 79585, 79633, 79651, 79694, 79770, 79792, 79932, 80144, 80146, 80762, 80856, 81037, 81533, 81539, 81542, 81543, 81544, 81618, 81622, 83483, 83985, 83986, 84162, 84168, 84329, 84641, 84720, 84833, 84868, 84898, 84910, 84987, 89790, 90342, 91663, 92140, 92579, 93185, 112770, 113189, 113277, 113791, 114836, 115650, 116068, 118429, 118881, 120071, 120425, 121601, 122618, 124935, 125228, 126364, 128338, 128346, 134285, 144195, 148867, 150372, 153579, 166752, 167127, 170575, 171586, 192286, 196264, 201931, 203328, 219965, 219972, 220002, 220963, 221395, 221935, 222256, 253558, 255057, 255231, 256471, 259215, 283316, 283464, 283820, 283897, 284129, 284996, 285368, 340393, 343170, 348013, 353514, 374383, 375056, 375387, 375790, 387521, 388325, 389203, 401505, 408050, 440400, 440435, 493856, 643155, 100049587	Spleen (N)	
GO:0005929	CC	p	cilium	19/3172	210/19370	0.002618406063836301	4	19	0.020583254842623484	156, 857, 1452, 3842, 4218, 4853, 5314, 5315, 6102, 8655, 10694, 10890, 23322, 51382, 51571, 79659, 79770, 128240, 140735	Spleen (N)	
GO:0031514	CC	p	motile cilium	6/3172	99/19370	0.0038016331393551203	5	6	0.028119252714301792	301, 5048, 6652, 23002, 79659, 83447	Spleen (N)	
GO:0000785	CC	p	chromatin	32/1920	978/19370	3.641365771253379e-06	2	32	8.511085596009565e-05	60, 824, 894, 3005, 3007, 3009, 3024, 3148, 3150, 3151, 4791, 5076, 5422, 5901, 6304, 6418, 6421, 6603, 6772, 6925, 7052, 7112, 9555, 10473, 11315, 23236, 27429, 55506, 79711, 150678, 256006, 503835	Testis (N)	
GO:0016021	CC	p	integral component of membrane	275/1920	3500/19370	1.1896873732537444e-05	3	275	0.0002218640388631717	20, 54, 102, 224, 290, 293, 334, 351, 358, 374, 444, 476, 478, 488, 526, 527, 535, 665, 684, 919, 950, 952, 968, 972, 975, 999, 1003, 1009, 1306, 1312, 1337, 1345, 1347, 1349, 1350, 1351, 1362, 1603, 1605, 1650, 1824, 1828, 1889, 1952, 1954, 2022, 2052, 2064, 2217, 2317, 2683, 2687, 2734, 3108, 3459, 3460, 3563, 3587, 3778, 3782, 3895, 3897, 3903, 3953, 3998, 4041, 4055, 4121, 4124, 4129, 4245, 4249, 4253, 4257, 4259, 4508, 4541, 4685, 4851, 4854, 5010, 5066, 5167, 5243, 5244, 5355, 5447, 5724, 5738, 5788, 5796, 6184, 6185, 6272, 6398, 6400, 6480, 6515, 6520, 6521, 6614, 6653, 6809, 6892, 7048, 7903, 8140, 8291, 8323, 8387, 8510, 8519, 8639, 8642, 8706, 8754, 8828, 9123, 9166, 9289, 9341, 9429, 9452, 9522, 9537, 9551, 9556, 9741, 9777, 9780, 9868, 9884, 10003, 10058, 10066, 10159, 10228, 10349, 10384, 10410, 10423, 10452, 10457, 10493, 10548, 10550, 10554, 10581, 10613, 10618, 10863, 10953, 10955, 10970, 10990, 10994, 11118, 11119, 11160, 11161, 11230, 11264, 11326, 11342, 23385, 23480, 23530, 23705, 23786, 25813, 25825, 25963, 26001, 26020, 26167, 26470, 26509, 28513, 29015, 29957, 30817, 30835, 51014, 51144, 51172, 51232, 51284, 51311, 51338, 51522, 51599, 51704, 51706, 51752, 51809, 54209, 54543, 54549, 55092, 55640, 55654, 55788, 55830, 56122, 56123, 56125, 56126, 56127, 56130, 56131, 56132, 56133, 56889, 57085, 57150, 57211, 57493, 57717, 57863, 59272, 64114, 64123, 65055, 79137, 79168, 79317, 79583, 79633, 79770, 79895, 79901, 80762, 80856, 81542, 81618, 84833, 84898, 84987, 91663, 92840, 113201, 113791, 118429, 124583, 125228, 126364, 128338, 144195, 146225, 158521, 160518, 170575, 170712, 192286, 219972, 221061, 221395, 284129, 285195, 340273, 340547, 341947, 347051, 348013, 374378, 374395, 374819, 375790, 389203, 401505, 474170, 493856, 647087, 728568, 100506658	Testis (N)	
GO:0005694	CC	p	chromosome	6/1920	198/19370	0.0004362394062126593	5	6	0.005249797213385116	4691, 8815, 9790, 24137, 26156, 55968	Testis (N)	
GO:0005667	CC	p	transcription regulator complex	7/1920	197/19370	0.0011227802659289213	2	7	0.011785831174691008	328, 2547, 3159, 6925, 8804, 10923, 55758	Testis (N)	
GO:0016604	CC	p	nuclear body	17/1920	321/19370	0.003413222955980859	2	17	0.03216870882706692	81, 2022, 3005, 4077, 4685, 4722, 5695, 6185, 6304, 7086, 8565, 10284, 29085, 57128, 65059, 83442, 261734	Testis (N)	
GO:0005762	CC	p	mitochondrial large ribosomal subunit	0/1920	54/19370	0.0054881266430206795	6	0	0.04773807805454523		Testis (N)	
GO:0000785	CC	p	chromatin	70/3720	978/19370	4.3539380123098575e-06	2	70	7.788217689366512e-05	60, 824, 1051, 1108, 1387, 1879, 3005, 3007, 3009, 3024, 3065, 3066, 3148, 3150, 3151, 3183, 3190, 3394, 4176, 4223, 4335, 4673, 4676, 4734, 4791, 5074, 5111, 5371, 5901, 5976, 6118, 6304, 6418, 6421, 6601, 6605, 6667, 6670, 6671, 6720, 6772, 6776, 6777, 6778, 7112, 7319, 7320, 9126, 9219, 9555, 9798, 10155, 10987, 11063, 11315, 23244, 23558, 25836, 25942, 26205, 27429, 55506, 55818, 57326, 57805, 79618, 79711, 80335, 121536, 150678	Thymus (N)	
GO:0005667	CC	p	transcription regulator complex	17/3720	197/19370	5.447152533770476e-05	2	17	0.0007578459041031465	142, 328, 1387, 1499, 1602, 2547, 5591, 8804, 9219, 10432, 10923, 23186, 51176, 55758, 57326, 80155, 91748	Thymus (N)	
GO:0005694	CC	p	chromosome	20/3720	198/19370	0.000726690994799229	5	20	0.0071566815386688125	2091, 2271, 2332, 4691, 5058, 8243, 8815, 8888, 9126, 9188, 23244, 23774, 25896, 26155, 26156, 26354, 30836, 50809, 55299, 55968	Thymus (N)	
GO:0005762	CC	p	mitochondrial large ribosomal subunit	2/3720	54/19370	0.001545512575804384	6	2	0.012963079164521938	11222, 122704	Thymus (N)	
GO:0005929	CC	p	cilium	24/3720	210/19370	0.0034840519518465536	4	24	0.026554535093856555	156, 867, 1452, 2847, 3842, 4853, 5082, 5156, 5315, 6102, 7840, 8655, 10694, 10890, 22920, 27130, 51382, 51571, 79659, 79770, 128240, 132884, 140735, 150696	Thymus (N)	
GO:0032281	CC	p	AMPA glutamate receptor complex	0/3720	26/19370	0.005508111820661832	7	0	0.0390699756227344		Thymus (N)	
GO:0036064	CC	p	ciliary basal body	17/3720	158/19370	0.0058977772847673615	3	17	0.039612274253629065	1452, 1453, 1540, 5108, 5692, 6102, 7283, 7430, 22919, 22920, 23002, 25930, 29070, 55717, 80184, 219793, 348807	Thymus (N)	
GO:0000785	CC	p	chromatin	41/2052	978/19370	4.162306572716169e-06	2	41	8.291503888603914e-05	60, 824, 894, 1523, 2241, 3005, 3007, 3009, 3024, 3148, 3150, 3151, 3183, 3190, 3231, 4582, 4791, 5111, 5885, 5901, 6304, 6418, 6421, 6493, 6598, 6772, 7052, 7112, 7157, 8289, 9219, 9324, 9555, 10473, 10734, 11315, 23558, 64710, 150678, 221496, 646817	Thyroid (N)	
GO:0016021	CC	p	integral component of membrane	299/2052	3500/19370	1.6208640052668955e-05	3	299	0.00026309024085489517	20, 54, 102, 290, 293, 334, 351, 358, 444, 476, 478, 488, 516, 517, 518, 527, 576, 684, 775, 933, 950, 952, 968, 972, 987, 999, 1003, 1009, 1182, 1186, 1306, 1312, 1327, 1337, 1339, 1345, 1347, 1349, 1350, 1351, 1362, 1605, 1636, 1650, 1889, 1951, 2013, 2022, 2052, 2180, 2217, 2317, 2327, 2589, 2683, 2687, 2734, 3108, 3459, 3563, 3782, 3895, 3897, 3930, 3953, 3998, 4036, 4040, 4041, 4072, 4121, 4128, 4233, 4238, 4245, 4257, 4259, 4508, 4513, 4684, 4851, 4854, 4881, 5066, 5167, 5243, 5244, 5310, 5355, 5447, 5738, 5796, 5819, 5918, 6184, 6185, 6272, 6376, 6398, 6400, 6480, 6515, 6520, 6521, 6535, 6548, 6568, 6653, 6809, 6892, 7048, 7133, 7357, 7399, 7804, 7850, 8273, 8291, 8323, 8387, 8417, 8519, 8564, 8639, 8642, 8754, 8797, 8828, 9120, 9144, 9213, 9218, 9289, 9334, 9341, 9429, 9452, 9522, 9551, 9556, 9619, 9672, 9741, 9766, 9777, 9780, 9789, 9868, 9993, 10058, 10228, 10313, 10384, 10410, 10452, 10457, 10493, 10548, 10550, 10558, 10568, 10581, 10618, 10787, 10859, 10952, 10972, 10990, 10994, 11000, 11014, 11118, 11119, 11160, 11326, 11342, 22859, 22918, 22990, 23224, 23266, 23385, 23480, 23516, 23530, 23545, 23646, 23670, 23673, 23786, 25813, 25960, 26001, 26020, 26167, 26509, 27032, 29967, 51014, 51284, 51522, 51599, 51704, 51705, 51706, 51752, 54480, 54538, 54543, 54587, 54805, 55177, 55379, 55640, 55654, 55676, 55751, 55754, 55788, 55830, 56122, 56123, 56125, 56126, 56127, 56130, 56131, 56132, 56133, 56241, 56889, 57085, 57088, 57211, 57468, 57493, 57535, 57556, 57717, 59084, 59272, 63910, 64115, 64123, 64167, 64757, 79137, 79152, 79168, 79572, 79633, 79901, 79956, 80762, 81035, 83483, 84162, 84168, 84833, 84898, 84987, 91179, 92255, 93035, 114990, 116254, 121227, 121601, 124583, 139065, 144195, 150709, 153562, 153579, 161198, 170575, 192286, 199974, 203054, 219699, 219972, 220002, 221395, 221496, 221935, 284339, 340307, 341640, 348013, 374378, 375056, 375790, 389203, 390436, 401505, 493869, 647087, 728215, 728568	Thyroid (N)	
GO:0005694	CC	p	chromosome	5/2052	198/19370	3.5220444328562325e-05	5	5	0.0005322537836893943	4691, 5885, 9933, 25885, 50809	Thyroid (N)	
GO:0005667	CC	p	transcription regulator complex	8/2052	197/19370	0.001498863663722428	2	8	0.014279934796225087	142, 1499, 2547, 3159, 7157, 8804, 9219, 10923	Thyroid (N)	
GO:0019005	CC	p	SCF ubiquitin ligase complex	0/2052	59/19370	0.0023198909155094003	6	0	0.02129198311459675		Thyroid (N)	
GO:0016607	CC	p	nuclear speck	17/2126	411/19370	2.941284559237647e-06	3	17	5.9265193475213744e-05	1452, 3014, 3303, 3304, 4116, 4338, 4869, 5093, 5566, 6629, 9092, 9321, 10465, 11252, 79933, 84324, 93663	Tongue (N)	
GO:0000785	CC	p	chromatin	23/2126	978/19370	3.501724706352375e-06	2	23	6.672308054604037e-05	60, 86, 408, 688, 824, 2636, 3005, 3007, 3009, 3024, 3150, 3151, 3209, 3975, 4791, 5901, 7052, 9324, 9555, 10419, 10473, 11315, 23558	Tongue (N)	
GO:0005694	CC	p	chromosome	6/2126	198/19370	7.847566705571291e-05	5	6	0.0009826274596333195	3209, 8815, 23076, 26156, 55968, 80854	Tongue (N)	
GO:0005667	CC	p	transcription regulator complex	7/2126	197/19370	0.0002186858199766596	2	7	0.002590244881210029	688, 1499, 3159, 3975, 8804, 9124, 10923	Tongue (N)	
GO:0019005	CC	p	SCF ubiquitin ligase complex	0/2126	59/19370	0.0024502620625486585	6	0	0.021159159584471912		Tongue (N)	
GO:0005762	CC	p	mitochondrial large ribosomal subunit	0/2126	54/19370	0.0035046293427478305	6	0	0.02967930066587897		Tongue (N)	
GO:0005694	CC	p	chromosome	5/2305	198/19370	3.87257904302744e-06	5	5	7.37176799242368e-05	4288, 4691, 5058, 50809, 55968	Trachea (N)	
GO:0000785	CC	p	chromatin	41/2305	978/19370	4.686003951685265e-06	2	41	8.159281145292795e-05	60, 367, 408, 824, 860, 2297, 3005, 3007, 3009, 3024, 3150, 3151, 3183, 3190, 4306, 4784, 4791, 4799, 5454, 5901, 6595, 6603, 6772, 6908, 6927, 7052, 7112, 8202, 9324, 9555, 10419, 10473, 11315, 23028, 54904, 55506, 57215, 79733, 93986, 150678, 503835	Trachea (N)	
GO:0005667	CC	p	transcription regulator complex	8/2305	197/19370	0.00021904119945161482	2	8	0.002648132569921937	860, 1499, 3159, 5454, 8804, 10923, 23028, 23054	Trachea (N)	
GO:0016607	CC	p	nuclear speck	28/2305	411/19370	0.0008750912363319581	3	28	0.009297181438120741	367, 3014, 3192, 3303, 3304, 4000, 4116, 4707, 4869, 5093, 6426, 9092, 10051, 10284, 10450, 10465, 10521, 10970, 10973, 50809, 55534, 55589, 57634, 80230, 80271, 84441, 84624, 92609	Trachea (N)	
GO:0019005	CC	p	SCF ubiquitin ligase complex	0/2305	59/19370	0.0009273214717295568	6	0	0.009676157975844722		Trachea (N)	
GO:0016605	CC	p	PML body	3/2305	102/19370	0.0030104219638741173	3	3	0.025617814090637514	6693, 8878, 11315	Trachea (N)	
GO:0000785	CC	p	chromatin	22/1036	978/19370	3.626396311428952e-06	2	22	9.932926146773364e-05	60, 1063, 3005, 3007, 3009, 3024, 3148, 3150, 3151, 3183, 4791, 5074, 7052, 7112, 9324, 9798, 10473, 11315, 23558, 25836, 64710, 150678	Uterus (N)	
GO:0016021	CC	p	integral component of membrane	149/1036	3500/19370	0.0013773194752316831	3	149	0.0191108491432228	102, 334, 351, 358, 476, 478, 527, 537, 684, 950, 968, 972, 999, 1003, 1306, 1347, 1349, 1350, 1351, 1362, 1636, 1889, 1954, 2022, 2052, 2217, 2317, 2683, 2687, 2734, 3459, 3895, 3897, 3953, 3998, 4040, 4041, 4121, 4124, 4128, 4129, 4233, 4238, 4257, 4259, 4851, 4881, 5195, 5243, 5244, 5447, 5738, 6184, 6185, 6480, 6482, 6515, 6520, 6811, 6892, 7048, 7357, 8323, 8417, 8519, 8639, 8642, 8693, 8754, 8828, 9144, 9213, 9289, 9429, 9556, 9620, 9993, 10228, 10410, 10457, 10493, 10581, 10618, 10859, 10952, 10955, 10970, 10990, 10994, 11014, 11326, 11342, 22918, 23385, 23467, 23530, 23646, 25960, 26001, 26018, 26020, 26167, 26509, 27032, 28513, 51284, 51363, 51599, 55379, 55640, 55654, 55676, 55901, 56122, 56123, 56125, 56126, 56127, 56130, 56131, 56132, 56133, 56889, 57048, 57088, 57211, 57462, 57493, 57515, 57613, 57717, 64115, 64123, 64231, 64418, 79633, 79956, 80762, 83483, 84162, 113189, 144195, 220002, 221061, 221395, 259308, 374378, 375056, 375790	Uterus (N)	
GO:0016607	CC	p	nuclear speck	9/1036	411/19370	0.002522169036564029	3	9	0.031808362022278734	3014, 3303, 3304, 4000, 4869, 5093, 5566, 10970, 50809	Uterus (N)	
GO:0000785	CC	p	chromatin	8/543	978/19370	1.4996943547289593e-05	2	8	0.00044558715319319744	60, 408, 824, 3009, 3024, 3151, 10473, 11315	Mamma (N)	
GO:0016021	CC	p	integral component of membrane	66/543	3500/19370	0.0001810003885188037	3	66	0.003599541024531469	102, 334, 351, 374, 950, 987, 999, 1003, 1009, 1337, 1339, 1347, 1349, 1350, 1362, 1605, 1824, 1828, 1889, 2022, 2030, 2052, 2317, 2734, 3459, 3563, 4041, 4121, 4162, 4257, 4851, 5066, 5355, 6892, 7048, 8291, 8323, 8519, 8639, 8642, 9341, 9452, 9556, 9741, 9990, 10067, 10228, 10410, 10457, 10581, 23266, 26167, 26509, 27181, 29957, 51014, 54741, 57493, 57863, 64123, 79633, 83483, 84833, 153579, 221395, 389203	Mamma (N)	
GO:0000785	CC	p	chromatin	40/2004	978/19370	3.2537650871124845e-06	2	40	8.865104188361763e-05	60, 86, 824, 1108, 1390, 2636, 3005, 3007, 3009, 3024, 3150, 3151, 3183, 3190, 4613, 4673, 4676, 4791, 4802, 5111, 5885, 5901, 6418, 6421, 7052, 7112, 9324, 9555, 9798, 10155, 10409, 10473, 11315, 23047, 55506, 57805, 64710, 80335, 150678, 646817	Pancreas (N)	
GO:0016021	CC	p	integral component of membrane	308/2004	3500/19370	0.000826459772054656	3	308	0.009407688184492285	20, 21, 54, 102, 224, 241, 290, 293, 334, 351, 358, 444, 476, 478, 487, 488, 489, 516, 517, 518, 526, 527, 537, 575, 684, 706, 746, 927, 950, 968, 972, 999, 1003, 1306, 1327, 1337, 1345, 1349, 1350, 1351, 1362, 1435, 1534, 1603, 1605, 1636, 1650, 1824, 1889, 1901, 1954, 2012, 2022, 2052, 2180, 2181, 2182, 2217, 2317, 2328, 2589, 2677, 2683, 2687, 3459, 3563, 3587, 3703, 3895, 3930, 3953, 3998, 4040, 4072, 4121, 4128, 4238, 4253, 4257, 4259, 4508, 4509, 4514, 4541, 4649, 4851, 4881, 5243, 5244, 5355, 5447, 5551, 5651, 5738, 5788, 5796, 5819, 6184, 6185, 6400, 6480, 6515, 6521, 6535, 6548, 6576, 6614, 6745, 6746, 6747, 6748, 6836, 6892, 7048, 7841, 7850, 7905, 7922, 8273, 8291, 8323, 8325, 8519, 8604, 8639, 8642, 8693, 8754, 8797, 8828, 9076, 9123, 9144, 9218, 9289, 9522, 9551, 9554, 9761, 9777, 9780, 9868, 10159, 10227, 10384, 10410, 10452, 10457, 10493, 10581, 10618, 10863, 10948, 10952, 10955, 10972, 10990, 10994, 11014, 11118, 11119, 11161, 11231, 11264, 11326, 22918, 23204, 23224, 23225, 23420, 23471, 23480, 23516, 23530, 23545, 23646, 23670, 23705, 23786, 23788, 25813, 25825, 25979, 25994, 26001, 26020, 26167, 26355, 26509, 27181, 27333, 27346, 29015, 50515, 50624, 51144, 51232, 51284, 51303, 51522, 51537, 51599, 51706, 51752, 54429, 54480, 54543, 54575, 54664, 54867, 54914, 54928, 55176, 55210, 55240, 55379, 55654, 55830, 55847, 56122, 56123, 56125, 56126, 56127, 56130, 56131, 56132, 56133, 56889, 56926, 56996, 57048, 57088, 57136, 57211, 57452, 57468, 57493, 57556, 57717, 58477, 58505, 59272, 64114, 64123, 64167, 64231, 64403, 64781, 79137, 79168, 79541, 79572, 79633, 79689, 79792, 79956, 80144, 80762, 81853, 83483, 83985, 84833, 84898, 91663, 92140, 93380, 94025, 94107, 114780, 114794, 114990, 115209, 127550, 138799, 147991, 153579, 154807, 161198, 166752, 170575, 171586, 192111, 200185, 219699, 221061, 221395, 221935, 222256, 254863, 256471, 283820, 284525, 286144, 340273, 348013, 348378, 374378, 374882, 375056, 375790, 389015, 389203, 392376, 401427, 408050, 493856, 100506658	Pancreas (N)	
GO:0005929	CC	p	cilium	8/2004	210/19370	0.0008355608662440405	4	8	0.009449923861456794	3842, 5156, 5315, 10101, 27241, 59272, 80216, 201625	Pancreas (N)	
GO:0036064	CC	p	ciliary basal body	6/2004	158/19370	0.0036863740346578812	3	6	0.03297047797324115	5108, 5692, 7430, 10615, 27077, 124590	Pancreas (N)	
GO:0019005	CC	p	SCF ubiquitin ligase complex	0/2004	59/19370	0.0038924518394241672	6	0	0.034636893779241444		Pancreas (N)	
GO:0005694	CC	p	chromosome	9/2004	198/19370	0.004618030013084034	5	9	0.04027565479072792	2091, 2271, 2959, 4691, 5885, 10849, 23047, 50809, 84301	Pancreas (N)	
GO:0016021	CC	p	integral component of membrane	8/197	3500/19370	2.330172088509196e-06	3	8	0.00015128858041320818	684, 972, 1003, 1350, 1351, 1362, 9341, 10457	Gallbladder (N)	
GO:0005654	CC	p	nucleoplasm	4/83	3803/19370	0.00023569178431308486	2	4	0.01652670791603351	60, 1075, 4904, 8334	Myelon (N)	
